"Player","Team","Season","Position","Minutes","Dribbling","Fouling","Interrupting","Passing","Receiving","Shooting","Goals_Added","Base_Salary","Guaranteed_Compensation","Log_Goals_Added"
"Hany Mukhtar","NSH",2022,"ST",3082,0.98,0.8,-0.2,0.86,1.44,1.54,5.43,1637500,1926250,0.993876914941211
"Carles Gil","NER",2022,"AM",3181,2.8,0.45,-0.05,2.65,-1.12,-0.21,4.52,3250000,3545830,0.951823035315912
"José Cifuentes","LAFC",2022,"CM",2557,0.72,-0.02,0.21,1.64,1.39,0.54,4.49,367875,411750,0.950364854376123
"Diego Rubio","COL",2022,"AM",2670,-0.15,0.35,0.17,1.11,1.6,0.56,3.63,585000,629583,0.906335041805091
"Luciano Acosta","CIN",2022,"AM",2708,-0.28,0.17,-0.1,1.91,1.69,0.24,3.63,1943500,2222850,0.906335041805091
"Bill Tuiloma","POR",2022,"CB",2532,-0.02,0.2,1.3,0.64,0.73,0.69,3.54,285000,304450,0.901458321396112
"Thiago Almada","ATL",2022,"AM",2622,1.54,-0.21,-0.37,1.88,-0.2,0.76,3.4,1650000,2332000,0.893761762057943
"Andreu Fontàs","SKC",2022,"CB",2672,0.47,0.38,0.92,1.35,-0.04,0.18,3.26,1125000,1125000,0.885926339801431
"Luiz Araújo","ATL",2022,"W",2382,2.5,-0.04,-0.22,0.09,-0.31,1.13,3.14,3.6e+06,4480330,0.879095879500073
"Michael Bradley","TOR",2022,"DM",3411,1.22,-0.05,1.11,1.56,-0.68,-0.34,2.83,1.5e+06,1.5e+06,0.860936620700094
"Walker Zimmerman","NSH",2022,"CB",2784,0.33,-0.2,0.43,0.66,0.91,0.58,2.71,2088240,2345210,0.853698211776174
"Ryan Gauld","VAN",2022,"AM",2435,0.34,0.01,0.41,0.67,0.71,0.41,2.54,2160000,2265000,0.843232778098009
"Emanuel Reynoso","MIN",2022,"AM",2718,0.58,0.79,0.14,1.34,-0.36,0,2.49,850000,1066910,0.840106094456758
"Maximiliano Morález","NYC",2022,"AM",2321,0.59,-0.09,0.29,1.92,-0.12,-0.18,2.41,670000,1.3e+06,0.835056101720116
"Valentín Castellanos","NYC",2022,"ST",1653,0.21,0.52,0.09,-0.11,1.17,0.49,2.37,9e+05,1076000,0.832508912706236
"Jack Elliott","PHI",2022,"CB",3167,-0.43,-0.01,2.96,-0.48,0.11,0.18,2.32,7e+05,793750,0.829303772831025
"Juan Hernández","CLB",2022,"ST",1445,0.67,-0.09,0.02,0.88,0.03,0.81,2.31,2.6e+06,2886000,0.82865989653532
"Alan Franco","ATL",2022,"CB",2993,0.59,0.29,0.63,1.07,-0.34,0.03,2.26,540000,667500,0.825426117767823
"Jordan Morris","SEA",2022,"W",2500,0.28,0.04,0.1,-0.66,2.17,0.29,2.23,1250000,1370100,0.823474229170301
"Denis Bouanga","LAFC",2022,"W",556,0.51,0.24,-0.04,-0.08,1.13,0.44,2.2,2083330,2083330,0.821513528404773
"Mikael Uhre","PHI",2022,"ST",1758,1.13,0.58,-0.26,0.42,-0.03,0.3,2.14,1.4e+06,1666250,0.817565369559781
"Robin Jansson","ORL",2022,"CB",2185,0.53,0.19,1.07,0.52,-0.42,0.13,2.03,525000,581250,0.810232517995084
"Joel Waterman","MTL",2022,"CB",2947,0.44,0.05,0.09,1.4,-0.07,0.1,2.02,125000,133909,0.809559714635268
"Chicharito","LAG",2022,"ST",2811,0.22,1.15,-0.32,-0.36,1.18,0.14,2.01,6e+06,7443750,0.808885867359812
"Lassi Lappalainen","MTL",2022,"FB",2097,0.38,0.23,-0.08,-0.17,1.17,0.45,1.97,510000,540000,0.806179973983887
"Andrew Gutman","ATL",2022,"FB",2162,0.13,0.08,-0.1,-0.33,1.62,0.57,1.96,3e+05,331250,0.8055008581584
"Talles Magno","NYC",2022,"W",2886,0.73,0.21,-0.32,-0.36,1.14,0.49,1.9,950000,1198000,0.801403710017355
"Sebastián Blanco","POR",2022,"AM",2010,0.44,-0.03,-0.41,2.11,-0.32,0.07,1.86,1340000,1708000,0.798650645445269
"Riqui Puig","LAG",2022,"CM",913,0.6,0.36,-0.07,0.91,-0.19,0.23,1.84,1612500,1695000,0.797267540830716
"Alejandro Bedoya","PHI",2022,"CM",2677,0.06,-0.22,-0.34,1.74,0.39,0.22,1.84,9e+05,1110000,0.797267540830716
"Pedro Santos","CLB",2022,"FB",2570,0.01,0.14,0.19,1.87,-0.42,0.04,1.84,625000,687500,0.797267540830716
"Rafael Czichos","CHI",2022,"CB",2572,0.23,0.05,0.84,0.08,0.4,0.18,1.77,1.3e+06,1336670,0.792391689498254
"Ryan Hollingshead","LAFC",2022,"FB",2161,0.44,0.3,0.35,0.03,0.19,0.45,1.77,393750,393750,0.792391689498254
"Francisco Calvo","SJE",2022,"CB",1286,0.12,0.26,0.4,0.44,0.33,0.2,1.76,866087,925937,0.791690649020118
"Santiago Rodríguez","NYC",2022,"AM",2730,1.56,0.1,0,0.06,0.11,-0.08,1.75,612500,612500,0.790988475088816
"William Agada","SKC",2022,"ST",1002,0.28,-0.1,-0.13,-0.06,1.24,0.51,1.75,2e+05,246875,0.790988475088816
"Claudio Bravo","POR",2022,"FB",2441,-0.2,-0.54,1.38,0.9,-0.04,0.22,1.72,3e+05,323310,0.788875115775417
"Cory Burke","PHI",2022,"ST",1353,0.13,-0.25,0.13,0.83,0.65,0.22,1.7,4e+05,450770,0.787460474518415
"Darwin Quintero","HOU",2022,"AM",1938,-0.23,0.34,-0.28,1.9,-0.2,0.17,1.7,6e+05,661250,0.787460474518415
"Brandon Bye","NER",2022,"FB",2806,-0.21,0.17,0.22,-0.11,1.19,0.39,1.65,325000,343813,0.783903579272735
"Mamadou Fall","LAFC",2022,"CB",1338,0.19,0.08,0.3,0.24,0.62,0.15,1.59,106000,118750,0.779596491257824
"Matt Hedges","FCD",2022,"CB",2463,0.05,0.01,0.97,0.49,0,0.06,1.58,9e+05,9e+05,0.77887447200274
"Marcelino Moreno","ATL",2022,"AM",1957,0.21,0.24,-0.07,1.08,-0.27,0.37,1.55,460000,568333,0.776701183988411
"Jonathan Lewis","COL",2022,"W",2418,1.42,0.73,-0.3,-1.48,0.75,0.4,1.53,410000,435000,0.775246259740236
"Alexander Callens","NYC",2022,"CB",2685,0.35,0.21,-0.44,0.13,0.83,0.44,1.52,750000,814000,0.77451696572855
"Michael Barrios","COL",2022,"W",2087,0.59,0.07,-0.05,0.27,0.6,0.04,1.52,650000,680000,0.77451696572855
"Jonathan Mensah","CLB",2022,"CB",2847,0,0.3,0.55,0.39,0.2,0.08,1.52,1e+06,1140670,0.77451696572855
"Daniel Ríos","CLT",2022,"ST",1558,0.33,-0.19,-0.28,-0.14,1.61,0.16,1.5,230000,251500,0.773054693364263
"Robin Lod","MIN",2022,"W",2702,-0.74,-0.3,1.01,0.54,0.79,0.17,1.47,849996,952496,0.770852011642144
"Carlos Vela","LAFC",2022,"W",2528,-1.28,0.15,-0.14,2.24,0.54,-0.05,1.45,2.4e+06,2737500,0.769377326076139
"Aaron Herrera","RSL",2022,"FB",2497,0.15,-0.49,1.13,0.9,-0.2,-0.05,1.45,7e+05,795220,0.769377326076139
"Bongokuhle Hlongwane","MIN",2022,"W",1754,-0.04,-0.16,0.69,-0.11,0.76,0.26,1.39,530000,580000,0.764922984649888
"Cristian Arango","LAFC",2022,"ST",2562,-0.76,0.13,0.67,0.16,0.45,0.74,1.39,624000,683000,0.764922984649888
"Jhon Durán","CHI",2022,"ST",1534,-0.03,0.35,0.04,-0.08,0.87,0.23,1.39,120000,167000,0.764922984649888
"Emerson Rodríguez","MIA",2022,"W",642,0.92,-0.03,0.09,0.11,0.13,0.16,1.38,315000,350500,0.764176132390331
"Rándall Leal","NSH",2022,"AM",2277,0.17,0.26,0.28,1.12,-0.72,0.26,1.37,850000,965000,0.763427993562937
"Diego Palacios","LAFC",2022,"FB",2669,-0.54,0.04,1.06,0.5,0.35,-0.06,1.35,486000,510000,0.761927838420529
"Lorenzo Insigne","TOR",2022,"W",1018,0.41,-0.05,0.12,0.4,-0.07,0.51,1.32,1.4e+07,1.4e+07,0.75966784468963
"Julio Cascante","ATX",2022,"CB",3011,-0.17,0.27,-1.05,0.38,1.55,0.32,1.3,310000,337500,0.75815462196739
"Jean Mota","MIA",2022,"DM",2882,0.19,0.35,0.98,0.18,-0.7,0.3,1.29,7e+05,805000,0.757396028793024
"Alex De John","ATL",2022,"CB",462,0.1,0.02,0.56,0.1,0.39,0.13,1.29,85444,85444,0.757396028793024
"Diego Chara","POR",2022,"DM",2706,0.06,0.12,1.53,0.39,-0.32,-0.52,1.26,675000,683333,0.755112266395071
"Brenner","CIN",2022,"ST",2236,-1.09,-0.1,0.39,0.39,1.08,0.59,1.26,1680000,2218600,0.755112266395071
"Jonathan Osorio","TOR",2022,"CM",1919,-0.32,0.09,0.06,0.37,0.75,0.3,1.25,1e+06,1026250,0.754348335711019
"Efrain Álvarez","LAG",2022,"W",1566,0.05,0.17,-0.11,1.25,-0.49,0.34,1.22,6e+05,706250,0.752048447819438
"Nathan","SJE",2022,"CB",2468,-0.47,-0.39,0.54,0.39,0.79,0.35,1.21,650000,691250,0.751279103983342
"Nathan","SJE",2022,"CB",2468,-0.47,-0.39,0.54,0.39,0.79,0.35,1.21,65500,65500,0.751279103983342
"Kervin Arriaga","MIN",2022,"DM",2056,-0.18,0.04,0.82,0.68,-0.1,-0.05,1.21,84000,103667,0.751279103983342
"Derrick Williams","LAG",2022,"CB",2381,0.53,-0.54,1.14,-0.2,0.13,0.1,1.17,750000,821458,0.7481880270062
"Kamal Miller","MTL",2022,"CB",2536,0.18,-0.04,-0.49,0.57,0.66,0.28,1.15,3e+05,345000,0.746634198937579
"Domenico Criscito","TOR",2022,"FB",1300,0.06,0.14,0.29,0.63,-0.12,0.08,1.09,1.2e+06,1510000,0.741939077729199
"Lalas Abubakar","COL",2022,"CB",2781,-0.06,-0.24,1.12,-0.24,0.27,0.22,1.07,235000,272125,0.740362689494244
"Brandon Vázquez","CIN",2022,"ST",2969,-1.49,-0.21,0.2,0.03,2.17,0.36,1.05,275000,517500,0.738780558484369
"Paul Marie","SJE",2022,"FB",2401,0.13,0.24,0.62,-0.3,0.13,0.23,1.04,145000,156375,0.737987326333431
"Santiago Moreno","POR",2022,"W",2659,-0.07,0.48,0.33,0.13,0.2,-0.02,1.04,3e+05,344576,0.737987326333431
"Kai Wagner","PHI",2022,"FB",3278,-0.08,-0.28,0.72,1.07,-0.31,-0.08,1.04,510000,581000,0.737987326333431
"Olivier Mbaizo","PHI",2022,"FB",1450,0.35,0.3,0.26,0.33,-0.13,-0.1,1.02,3e+05,367343,0.736396502276642
"Javain Brown","VAN",2022,"CB",2030,0.08,0.08,0.94,0.16,-0.2,-0.04,1.02,84000,97481,0.736396502276642
"Julian Gressel","DCU, VAN",2022,"FB",2557,-0.68,0.03,-0.15,0.28,1.19,0.33,0.99,914000,969781,0.733999286538387
"Julián Carranza","PHI",2022,"ST",2379,-0.76,0.49,0.15,-0.83,1.15,0.76,0.96,9e+05,9e+05,0.731588765186739
"Gregore","MIA",2022,"DM",2986,0.55,-0.2,0.86,0.44,-0.55,-0.15,0.94,7e+05,801000,0.729974285699556
"Graham Zusi","SKC",2022,"FB",1815,0.17,0.09,0.55,0.42,-0.27,-0.01,0.94,450000,450000,0.729974285699556
"Héctor Herrera","HOU",2022,"DM",773,0.03,-0.04,0.44,0.18,0.25,0.07,0.94,4750000,5246880,0.729974285699556
"Romell Quioto","MTL",2022,"ST",2232,0.96,-0.25,-0.35,-0.46,0.58,0.45,0.93,8e+05,885000,0.72916478969277
"Guzmán Corujo","CLT",2022,"CB",2271,0.13,0.24,1.07,-0.46,-0.1,0.05,0.93,6e+05,633500,0.72916478969277
"Auston Trusty","COL",2022,"CB",1589,-0.04,0.17,0.77,-0.13,0.1,0.07,0.92,718000,890292,0.728353782021228
"Gastón Brugman","LAG",2022,"CM",1220,0.42,0.01,-0.14,0.72,-0.11,0.02,0.92,1.2e+06,1409000,0.728353782021228
"Derrick Etienne","CLB",2022,"W",2431,0.81,-0.13,-0.07,-0.8,0.84,0.28,0.92,175000,175000,0.728353782021228
"Felipe Gutiérrez","COL",2022,"DM",887,-0.4,-0.02,0.84,0.36,0.13,0.01,0.92,552000,569250,0.728353782021228
"Jesús Ferreira","FCD",2022,"ST",2913,1.22,-0.42,0.7,0.4,-1.17,0.19,0.91,1.3e+06,1499000,0.727541257028556
"Jesús David Murillo","LAFC",2022,"CB",2586,0.14,0.23,0.78,-0.26,-0.05,0.06,0.9,450000,509500,0.726727209026572
"Leonardo Campana","MIA",2022,"ST",1732,-0.2,-0.22,-0.17,0.31,0.99,0.19,0.9,84000,135680,0.726727209026572
"Adam Buksa","NER",2022,"ST",888,-0.48,-0.14,-0.18,0.21,1.03,0.46,0.9,1e+06,1106250,0.726727209026572
"Keaton Parks","NYC",2022,"DM",1187,0.08,0.25,-0.48,0.63,0.25,0.15,0.89,5e+05,5e+05,0.725911632295048
"Erik Thommy","SKC",2022,"CM",948,0.65,0.6,-0.24,-0.48,-0.21,0.57,0.89,1.2e+06,1306250,0.725911632295048
"Roger Espinoza","SKC",2022,"CM",2013,0.05,-0.13,0.1,0.2,0.43,0.24,0.89,3e+05,3e+05,0.725911632295048
"Adilson Malanda","CLT",2022,"CB",595,0.09,0.02,0.57,0.15,0.02,0.03,0.89,250000,278083,0.725911632295048
"Taxiarchis Fountas","DCU",2022,"AM",1613,-0.47,0.14,-0.23,-0.44,0.78,1.09,0.85,1.6e+06,1641000,0.722633922533812
"Gareth Bale","LAFC",2022,"W",425,0.4,-0.02,0.07,0.31,-0.02,0.09,0.84,1.6e+06,2386670,0.721810615212547
"Brian Rodríguez","LAFC",2022,"W",895,0.31,-0.04,-0.11,0.07,0.29,0.29,0.83,805000,1144800,0.720985744153739
"Andrew Brody","RSL",2022,"FB",3229,0.52,0.2,-0.2,-0.07,0.3,0.07,0.83,190000,215678,0.720985744153739
"Tommy Thompson","SJE",2022,"FB",1457,0.68,0.18,0.61,-1.08,0.2,0.23,0.82,280000,280000,0.720159303405957
"Alejandro Pozuelo","TOR, MIA",2022,"AM",2651,-0.12,0.2,0.46,1.52,-0.73,-0.53,0.8,3.8e+06,4693000,0.718501688867274
"Cristian Cásseres Jr","NYRB",2022,"CM",2446,0.27,-0.02,0.6,-0.09,-0.17,0.2,0.79,230000,274000,0.717670503002262
"Marvin Loría","POR",2022,"W",949,0.66,0.44,0.05,-0.11,-0.3,0.03,0.78,125000,164375,0.716837723299524
"Christian Fuchs","CLT",2022,"FB",2143,-0.23,0.11,-0.09,1.25,-0.22,-0.04,0.77,375000,375000,0.716003343634799
"Gabriel Pereira","NYC",2022,"W",1486,0.05,0.15,-0.04,0.35,-0.01,0.26,0.76,555000,624500,0.715167357848458
"D.J. Taylor","MIN",2022,"FB",2275,-0.03,-0.17,0.95,0.3,-0.22,-0.06,0.76,85444,85444,0.715167357848458
"Haris Medunjanin","CIN",2022,"CM",561,-0.04,-0.05,0.27,0.86,-0.16,-0.11,0.76,225000,248750,0.715167357848458
"Adalberto Carrasquilla","HOU",2022,"DM",2659,0.73,-0.18,0.45,0.35,-0.56,-0.05,0.73,418908,469132,0.712649701627211
"Sergio Santos","CIN, PHI",2022,"ST",842,-0.64,0.3,0.07,0.29,0.96,-0.25,0.73,850000,918500,0.712649701627211
"Justen Glad","RSL",2022,"CB",2525,0.1,0,-0.6,0.32,0.67,0.24,0.73,675000,735031,0.712649701627211
"Ariel Lassiter","MIA",2022,"W",1790,0.31,0.38,-0.31,-0.3,0.34,0.31,0.73,210000,230280,0.712649701627211
"Sergio Córdova","RSL",2022,"ST",2458,0.72,0.03,0.19,0,-0.22,0,0.72,6e+05,696000,0.711807229041191
"Dom Dwyer","ATL",2022,"ST",729,-0.32,-0.07,-0.14,-0.13,1.2,0.18,0.72,84000,84000,0.711807229041191
"Djordje Mihailovic","MTL",2022,"CM",2193,-0.68,0.26,-0.38,0.03,1.16,0.32,0.71,7e+05,751875,0.710963118995276
"Ranko Veselinovic","VAN",2022,"CB",3010,0,-0.19,1.94,-0.72,-0.28,-0.06,0.7,405000,490500,0.710117365111816
"Nathan Harriel","PHI",2022,"FB",1965,-0.25,0.05,0.46,0.08,0.25,0.1,0.7,9e+04,107500,0.710117365111816
"Andrew Farrell","NER",2022,"CB",3028,-0.21,-0.71,1.36,1.08,-0.58,-0.25,0.69,425000,443750,0.709269960975831
"Shaquell Moore","NSH",2022,"FB",972,0.12,-0.17,0.7,-0.13,0.02,0.15,0.69,7e+05,779400,0.709269960975831
"Richie Laryea","TOR",2022,"FB",940,0.26,0.4,0.17,-0.12,0.05,-0.07,0.68,1170400,1276740,0.708420900134713
"Boris Sekulic","CHI",2022,"FB",3090,0.2,0.41,0.08,0.31,-0.29,-0.01,0.68,596000,668900,0.708420900134713
"Rudy Camacho","MTL",2022,"CB",2746,0.51,-0.08,-0.32,0.79,-0.13,-0.09,0.68,5e+05,554000,0.708420900134713
"DeJuan Jones","NER",2022,"FB",2984,0.1,0.31,0.31,-0.5,0.39,0.06,0.67,350000,370000,0.707570176097936
"Jack McGlynn","PHI",2022,"CM",1145,0.16,0.01,-0.14,0.99,-0.39,0.05,0.67,77500,91400,0.707570176097936
"Giorgio Chiellini","LAFC",2022,"CB",787,0.07,0.04,0.33,0.4,-0.15,-0.04,0.64,1e+06,1075000,0.705007959333336
"Sebastián Driussi","ATX",2022,"AM",3175,-0.71,0.16,0.11,-1.14,1.42,0.79,0.64,2.2e+06,2317000,0.705007959333336
"Gustavo Bou","NER",2022,"ST",1740,0.37,0.09,0.02,-0.85,0.46,0.54,0.62,2.5e+06,2675000,0.703291378118661
"Fafa Picault","HOU",2022,"W",2604,0.18,0.38,0.28,-1.17,0.89,0.07,0.62,6e+05,6e+05,0.703291378118661
"Christian Benteke","DCU",2022,"ST",605,-0.48,0.16,-0.1,-0.08,0.97,0.13,0.61,4e+06,4182780,0.702430536445525
"Jakob Glesnes","PHI",2022,"CB",3394,0.41,0.14,0.71,-0.2,-0.43,-0.02,0.6,675000,739063,0.701567985055927
"Antônio Carlos","ORL",2022,"CB",1804,0.33,0.1,0.15,0.11,-0.2,0.1,0.59,9e+05,925000,0.700703717145019
"Álvaro Barreal","CIN",2022,"FB",2406,-0.19,0.25,0.1,0.23,-0.24,0.43,0.58,350000,350000,0.699837725867246
"Nick Hagglund","CIN",2022,"CB",2968,0.16,-0.08,0.03,0.25,0.17,0.03,0.57,84000,84000,0.698970004336019
"Alvas Powell","CIN",2022,"FB",2094,0.49,0.32,0.04,-0.46,-0.01,0.18,0.57,150000,167000,0.698970004336019
"Nicolás Acevedo","NYC",2022,"DM",2525,0.36,0.06,0.47,0.05,-0.41,0.02,0.56,2e+05,244800,0.69810054562339
"Santiago Sosa","ATL",2022,"DM",1544,0.12,-0.26,-0.06,0.72,-0.09,0.12,0.55,525000,643100,0.697229342759717
"Franco Jara","FCD",2022,"ST",1078,-0.16,-0.09,-0.15,-0.48,1.36,0.07,0.55,2540000,3227000,0.697229342759717
"Danny Hoesen","ATX",2022,"ST",467,0.13,-0.07,-0.08,-0.24,0.66,0.14,0.54,650000,716667,0.696356388733332
"Juan Sánchez","ATL",2022,"CB",1604,0.15,-0.53,-0.02,-0.2,0.79,0.35,0.54,4e+05,483500,0.696356388733332
"Tsiki Ntsabeleng","FCD",2022,"CM",951,0.18,-0.01,0,0.23,-0.06,0.19,0.52,65500,65500,0.694605198933569
"Cameron Harper","NYRB",2022,"FB",875,0.26,0.02,0.22,0.12,-0.08,0,0.52,225000,276250,0.694605198933569
"Gabriele Corbo","MTL",2022,"CB",1268,0.04,0.12,0.17,0.47,-0.26,-0.05,0.5,120192,120192,0.69284691927723
"Rayan Raveloson","LAG",2022,"CM",1954,-0.1,0.24,0.22,-0.76,0.78,0.13,0.5,780000,855025,0.69284691927723
"Luis Martins","VAN",2022,"FB",524,-0.08,0.24,0.48,-0.09,-0.1,0.03,0.48,3e+05,329000,0.691081492122968
"Marco Delgado","LAG",2022,"CM",2764,-0.01,-0.03,0.48,1.08,-0.54,-0.49,0.48,650000,726250,0.691081492122968
"Bode Davis","RSL",2022,"W",119,-0.02,0,0.2,0.33,-0.02,-0.02,0.47,84000,88294,0.690196080028514
"Danny Musovski","LAFC, RSL",2022,"W",636,0.17,-0.02,0.21,-0.47,0.5,0.07,0.47,93988,93988,0.690196080028514
"Yeimar Gómez Andrade","SEA",2022,"CB",2532,0,-0.21,0.59,0,0.04,0.04,0.45,650004,719092,0.688419822002711
"Dax McCarty","NSH",2022,"DM",1946,-0.02,0.06,-0.02,0.47,0.05,-0.09,0.45,475000,517500,0.688419822002711
"Carlos Terán","CHI",2022,"CB",1855,-0.05,0.06,0.18,0.05,0.05,0.15,0.44,2e+05,255440,0.687528961214634
"Lewis Morgan","NYRB",2022,"W",2915,0.25,0.1,-0.04,-0.29,-0.19,0.59,0.43,650000,653125,0.686636269262293
"Johan Kappelhof","RSL",2022,"CB",591,0.04,0.04,0.24,0.01,0.06,0.03,0.42,260000,287000,0.685741738602264
"Daniel Steres","HOU",2022,"CB",1500,0.1,-0.14,-0.29,0.71,-0.02,0.06,0.42,450000,468750,0.685741738602264
"Fredy Montero","SEA",2022,"ST",1410,-0.56,0.52,-0.02,0.74,-0.27,0.02,0.42,110000,110000,0.685741738602264
"Indiana Vassilev","MIA",2022,"W",1183,0.49,-0.1,0.12,-0.02,-0.12,0.04,0.41,84000,134000,0.684845361644412
"Jackson Ragen","SEA",2022,"CB",1544,-0.03,-0.26,0.79,0.25,-0.31,-0.04,0.41,65500,65500,0.684845361644412
"Gastón Giménez","CHI",2022,"DM",1852,-0.05,-0.11,0.4,0.05,-0.09,0.21,0.41,2060000,2360670,0.684845361644412
"Ousseni Bouda","SJE",2022,"W",164,-0.09,0.24,0.03,-0.04,0.18,0.09,0.4,84000,96500,0.683947130751512
"Nicholas DePuy","LAG",2022,"CB",1446,0.15,0.42,0.06,-0.34,0.09,0,0.38,231000,231000,0.682145076373832
"John Tolkin","NYRB",2022,"FB",3041,-0.24,0.47,-0.14,-0.32,0.26,0.35,0.38,1e+05,105000,0.682145076373832
"Nicholas Markanich","CIN",2022,"ST",148,-0.32,-0.01,0.11,-0.05,0.6,0.03,0.37,65500,65500,0.681241237375587
"Jahkeele Marshall-Rutty","TOR",2022,"FB",707,-0.1,0.1,0.66,-0.22,-0.06,-0.02,0.36,130000,136842,0.680335513414563
"Jhegson Méndez","LAFC, ORL",2022,"DM",756,-0.05,0.23,0.33,0.33,-0.32,-0.17,0.35,6e+05,636750,0.679427896612119
"Ryan Spaulding","NER",2022,"FB",293,0.1,0.02,0.4,-0.12,-0.07,0.01,0.35,65500,65500,0.679427896612119
"Jáder Obrian","FCD",2022,"W",1512,-0.25,-0.18,0.01,0.02,0.85,-0.11,0.35,382500,467100,0.679427896612119
"Teenage Hadebe","HOU",2022,"CB",2013,0.11,0.08,-0.16,0.18,-0.17,0.3,0.34,1014000,1179180,0.678518379040114
"Yuya Kubo","CIN",2022,"CM",1495,0.03,-0.11,0.47,0.34,-0.24,-0.15,0.34,1091000,1206750,0.678518379040114
"Zachary Brault-Guillard","MTL",2022,"FB",731,0.13,0,-0.17,-0.22,0.48,0.12,0.34,275000,319375,0.678518379040114
"Dairon Asprilla","POR",2022,"W",2052,-0.02,-0.11,-0.46,0.07,0.92,-0.06,0.34,350000,352500,0.678518379040114
"Calvin Harris","CIN",2022,"FB",216,-0.03,-0.02,-0.03,-0.11,0.26,0.26,0.33,85444,100444,0.677606952720493
"Giacomo Vrioni","NER",2022,"ST",279,-0.17,0.23,-0.2,-0.07,0.46,0.08,0.33,1.5e+06,1747500,0.677606952720493
"Daniel Gazdag","PHI",2022,"AM",3216,-1.07,0.1,0.15,-0.58,1.54,0.19,0.33,550000,586250,0.677606952720493
"Sebastian Berhalter","VAN",2022,"CM",1117,0.14,-0.06,0.42,-0.28,0.05,0.06,0.32,1e+05,137250,0.676693609624867
"Facundo Torres","ORL",2022,"W",2798,-0.58,0.24,0.44,0.29,0.14,-0.23,0.31,6e+05,953200,0.675778341674085
"James Igbekeme","CLB",2022,"W",1021,0.1,0.03,0.17,0.19,-0.12,-0.06,0.31,315000,408281,0.675778341674085
"Lucas Cavallini","VAN",2022,"ST",1666,-0.53,0.09,-0.22,0.2,0.56,0.21,0.31,1.2e+06,1462500,0.675778341674085
"Sacha Kljestan","LAG",2022,"DM",543,-0.09,-0.01,0.44,0.25,-0.19,-0.09,0.3,84000,84000,0.674861140737812
"Marcos López","SJE",2022,"FB",1515,-0.03,0.08,0.39,-0.28,0.02,0.13,0.29,4e+05,440250,0.673941998634088
"Adrián Cubas","VAN",2022,"CM",1462,-0.02,-0.07,0.69,0.31,-0.5,-0.11,0.29,9e+05,9e+05,0.673941998634088
"Franco Escobar","LAFC",2022,"FB",1264,-0.31,0.02,0.57,0.08,-0.02,-0.06,0.29,550008,550008,0.673941998634088
"Kyle Duncan","NYRB",2022,"FB",660,0.02,-0.02,0.03,0.28,-0.01,-0.02,0.28,268212,293610,0.673020907128896
"Sami Guediri","DCU",2022,"FB",867,-0.04,0.04,0.3,0.09,-0.06,-0.05,0.28,84000,84000,0.673020907128896
"Eddie Segura","LAFC",2022,"CB",921,0.12,0.03,-0.02,0.28,-0.15,0,0.27,2e+05,224000,0.672097857935717
"Felipe Mora","POR",2022,"ST",119,0.02,0.24,-0.02,-0.09,0.08,0.04,0.27,875000,955000,0.672097857935717
"Marinos Tzionis","SKC",2022,"W",912,0.19,0.13,-0.12,-0.15,0.1,0.11,0.27,612500,612500,0.672097857935717
"Alan Benítez","MIN",2022,"FB",640,0.15,-0.03,-0.15,0.27,-0.02,0.04,0.26,380000,437250,0.671172842715083
"Héctor Jiménez","ATX",2022,"FB",664,-0.03,0.06,0,0.35,-0.09,-0.03,0.26,2e+05,2e+05,0.671172842715083
"Kieran Gibbs","MIA",2022,"FB",695,-0.03,0.04,0.35,-0.12,-0.04,0.06,0.26,370000,378167,0.671172842715083
"Ruben Gabrielsen","ATX",2022,"CB",3018,0.34,0.32,-0.73,0.6,-0.17,-0.1,0.26,950000,950000,0.671172842715083
"Víctor Vázquez","LAG",2022,"ST",1270,0.12,-0.13,0.09,1.14,-0.81,-0.15,0.26,440000,440000,0.671172842715083
"Damion Lowe","MIA",2022,"CB",2632,-0.55,-0.31,0.79,0.13,0.3,-0.09,0.25,225000,268333,0.670245853074124
"Andre Shinyashiki","CLT, COL",2022,"W",1226,-0.24,-0.12,0.22,-0.09,0.29,0.19,0.25,140000,150000,0.670245853074124
"Maxime Chanot","NYC",2022,"CB",1616,0.18,0.18,0.14,-0.2,-0.04,-0.01,0.25,7e+05,7e+05,0.670245853074124
"Daniel Lovitz","NSH",2022,"FB",2878,0.03,-0.32,0.22,0.76,-0.31,-0.13,0.24,498750,498750,0.669316880566112
"Jack Skahan","SJE",2022,"FB",132,0.08,-0.03,0.02,0.18,-0.02,0.02,0.23,84000,84000,0.66838591669
"Moussa Djitté","ATX",2022,"ST",544,0,-0.07,0.06,-0.15,0.28,0.11,0.23,550000,550000,0.66838591669
"Dylan Nealis","NYRB",2022,"FB",2016,-0.1,0.04,0.54,-0.08,-0.05,-0.11,0.23,175000,2e+05,0.66838591669
"Kimarni Smith","DCU",2022,"FB",440,-0.26,0,0.19,0.07,0.19,0.03,0.23,85444,85444,0.66838591669
"Emerson Hyndman","ATL",2022,"DM",333,0.03,0.01,-0.09,0.12,0.16,-0.01,0.23,657143,657143,0.66838591669
"Robbie Robinson","MIA",2022,"W",519,0.46,0.02,-0.11,-0.1,0.04,-0.07,0.22,140000,185000,0.667452952889954
"Miles Robinson","ATL",2022,"CB",717,0.05,-0.19,0.26,0.2,-0.03,-0.07,0.22,7e+05,737500,0.667452952889954
"Robert Voloder","SKC",2022,"CB",788,0.39,0.07,-0.05,0.04,-0.17,-0.06,0.22,4e+05,427860,0.667452952889954
"Serge Ngoma","NYRB",2022,"AM",153,0.08,0,0.31,-0.05,-0.13,-0.01,0.21,65500,85451,0.666517980554881
"Daniel Pereira Gil","ATX",2022,"DM",2270,0.47,0.36,-0.41,-0.12,-0.14,0.05,0.21,84000,102258,0.666517980554881
"Deandre Kerr","TOR",2022,"W",1435,0.2,0.26,-0.29,-0.25,0.21,0.08,0.21,65500,70819,0.666517980554881
"Ronald Hernández","ATL",2022,"FB",827,0.05,0.03,0.1,0.1,-0.05,-0.03,0.2,3e+05,3e+05,0.665580991017953
"Tesho Akindele","ORL",2022,"ST",749,-0.27,-0.11,0.09,-0.34,0.7,0.13,0.2,325000,340000,0.665580991017953
"Alexandru Matan","CLB",2022,"W",58,-0.03,0.02,-0.03,-0.01,0.2,0.05,0.19,425000,458250,0.664641975556125
"Nuno Santos","CLT",2022,"DM",185,-0.14,0.22,-0.07,0.04,0.09,0.06,0.19,5e+05,561387,0.664641975556125
"Aiden McFadden","ATL",2022,"FB",693,0.06,0.01,0.32,-0.23,0.1,-0.07,0.19,65500,65500,0.664641975556125
"Oskar Aegren","SJE",2022,"CB",267,0.06,0.04,0.18,-0.01,-0.06,-0.03,0.19,65500,65500,0.664641975556125
"Matt Miazga","CIN",2022,"CB",899,0.14,0.02,0.13,-0.09,-0.03,0.01,0.18,1464000,1464000,0.663700925389648
"Marcus Godinho","VAN",2022,"FB",1123,0.27,0.11,0.07,-0.25,-0.04,0.01,0.17,85444,88444,0.662757831681574
"Osvaldo Alonso","ATL",2022,"DM",365,0.04,0.01,0.31,-0.07,-0.05,-0.06,0.17,84000,84000,0.662757831681574
"João Moutinho","ORL",2022,"FB",2712,0.23,0.08,-1.05,0.87,0.03,0.01,0.17,220000,263000,0.662757831681574
"Darren Yapi","COL",2022,"ST",223,-0.11,-0.02,-0.07,-0.02,0.33,0.06,0.17,65500,76333,0.662757831681574
"Federico Bernardeschi","TOR",2022,"W",1202,-0.51,0.23,0,0.39,-0.03,0.1,0.16,3125000,6256320,0.661812685537261
"Arquimides Ordonez","CIN",2022,"W",123,-0.04,-0.05,0.01,-0.08,0.16,0.15,0.15,65500,69037,0.660865478003869
"Jefferson Savarino","RSL",2022,"ST",1668,-0.02,-0.2,-0.13,0.48,-0.17,0.17,0.15,2e+06,2224290,0.660865478003869
"Eryk Williamson","POR",2022,"DM",1284,-0.06,0.16,0.03,0.48,-0.27,-0.2,0.14,550000,550000,0.65991620006985
"Thorleifur Úlfarsson","HOU",2022,"W",1377,0.37,-0.08,0.03,-0.54,-0.06,0.42,0.14,65500,77699,0.65991620006985
"Noel Buck","NER",2022,"W",326,0.07,-0.04,-0.09,-0.03,0.25,-0.03,0.14,65500,65500,0.65991620006985
"Anton Tinnerholm","NYC",2022,"FB",661,-0.06,0.02,-0.12,0.25,-0.02,0.06,0.13,750000,8e+05,0.658964842664435
"Ian Murphy","CIN",2022,"CB",1635,0.09,0.11,0.58,-0.26,-0.25,-0.13,0.13,65500,67750,0.658964842664435
"Alexander Ring","ATX",2022,"DM",3066,-0.73,-0.26,0.24,-1.29,1.85,0.31,0.12,1.5e+06,1640000,0.658011396657112
"Jacob Shaffelburg","TOR, NSH",2022,"FB",1251,0.35,0.38,-0.56,-0.16,-0.11,0.22,0.12,130000,136500,0.658011396657112
"Dylan Teves","SEA",2022,"W",121,-0.07,-0.01,0.1,-0.09,0.19,0,0.11,65500,65500,0.657055852857104
"Gyasi Zardes","COL, CLB",2022,"ST",2499,-0.54,-0.26,0.18,-0.15,1.09,-0.22,0.11,1.5e+06,1550000,0.657055852857104
"Jaylin Lindsey","CLT",2022,"FB",1848,0.03,0.01,-0.04,0.35,-0.09,-0.15,0.11,2e+05,235625,0.657055852857104
"Cristhian Paredes","POR",2022,"CM",1843,-0.47,0.35,0.28,-0.42,0.22,0.15,0.11,252000,350000,0.657055852857104
"Damian Rivera","NER",2022,"W",474,0.45,0,-0.07,-0.24,0.01,-0.04,0.1,84000,84000,0.656098202012832
"Cristian Dájome","VAN",2022,"FB",1966,0.3,-0.32,0.11,-0.1,0.01,0.09,0.1,750000,815625,0.656098202012832
"Matías Pellegrini","NYC",2022,"FB",81,0.1,0.05,-0.01,-0.03,-0.01,-0.01,0.1,875000,970833,0.656098202012832
"Bernard Kamungo","FCD",2022,"W",26,0.03,0,0,0.06,0.02,-0.01,0.1,84000,84000,0.656098202012832
"Mohamed Farsi","CLB",2022,"FB",121,0.03,0.01,0.06,0.02,0,-0.02,0.1,65500,75333,0.656098202012832
"Mauricio Pineda","CHI",2022,"DM",2196,-0.63,0.37,0.32,-0.54,0.55,0.02,0.09,225000,248875,0.655138434811382
"Juan Mosquera","POR",2022,"FB",218,0.12,0.02,0.09,-0.14,-0.01,0,0.09,160000,178167,0.655138434811382
"Yordy Reyna","CLT",2022,"W",933,0,-0.11,-0.2,0.41,-0.17,0.15,0.09,797500,797500,0.655138434811382
"Sergio Ruiz","CLT",2022,"CM",827,0.23,0.23,0.1,-0.35,-0.02,-0.1,0.09,550000,613000,0.655138434811382
"Ben Reveno","NER",2022,"W",6,0,0,0.09,0,0,0,0.08,65500,65500,0.65417654187796
"Pablo Ruiz","RSL",2022,"CM",2629,-0.13,-0.08,0.12,0.64,-0.66,0.2,0.08,450000,523500,0.65417654187796
"Isaac Atanga","CIN",2022,"FB",51,-0.01,0,0,0.1,0,-0.01,0.08,350000,364000,0.65417654187796
"Harrison Robledo","CIN",2022,"CM",58,-0.1,0.01,0.01,0.03,0.14,-0.01,0.08,65500,86391,0.65417654187796
"Franco Fragapane","MIN",2022,"W",2170,0.2,-0.19,0.52,-0.8,0.29,0.06,0.08,249996,257496,0.65417654187796
"Danny Wilson","COL",2022,"CB",2331,-0.45,0.08,-0.46,0.48,0.41,0.03,0.08,330000,354750,0.65417654187796
"Andrés Reyes","NYRB",2022,"CB",768,-0.04,0.15,0.02,0,-0.02,-0.03,0.08,425000,469375,0.65417654187796
"Jalil Anibaba","CLB",2022,"CB",252,-0.02,0.03,0.06,0.06,-0.04,-0.02,0.08,150000,150000,0.65417654187796
"José Antonio Martínez","FCD",2022,"CB",2879,0.1,0,-0.35,0.91,-0.42,-0.16,0.07,650000,723000,0.653212513775344
"Griffin Dorsey","HOU",2022,"FB",1843,0.21,0.05,0.35,-0.4,-0.22,0.09,0.07,125000,144000,0.653212513775344
"Latif Blessing","LAFC",2022,"CM",1503,-0.27,-0.07,0.14,0.21,0.14,-0.08,0.07,4e+05,416667,0.653212513775344
"Siad Haji","SJE",2022,"CB",25,0.04,0,0.03,0.02,-0.01,-0.01,0.07,120000,129000,0.653212513775344
"Machop Chol","ATL",2022,"FB",105,0.03,0.02,-0.04,0,0.06,-0.01,0.07,65500,65500,0.653212513775344
"Omir Fernandez","NYRB",2022,"AM",1573,-0.09,0.29,0.12,-0.46,0.37,-0.17,0.06,140000,155000,0.652246341003323
"Brad Smith","DCU",2022,"FB",1265,0.01,0,-0.03,-0.12,0.17,0.02,0.05,550000,591250,0.651278013998144
"Harvey Neville","MIA",2022,"FB",15,0,0,-0.01,-0.03,0.09,0,0.05,65500,65500,0.651278013998144
"Albert Rusnák","SEA",2022,"DM",2825,0.33,0.04,-0.23,0.12,-0.52,0.31,0.05,1.8e+06,1871670,0.651278013998144
"Cristian Tello","LAFC",2022,"W",121,0.14,-0.01,-0.08,-0.05,-0.03,0.07,0.05,1333330,1725070,0.651278013998144
"Nkosi Burgess","FCD",2022,"CB",1523,0.06,-0.05,0.16,0.54,-0.47,-0.2,0.04,197950,197950,0.650307523131936
"Themi Antonoglou","TOR",2022,"FB",44,0.03,0,0,-0.01,0.01,0.01,0.04,65500,65500,0.650307523131936
"Kendall Burks","CHI",2022,"CB",206,0,-0.04,0.08,-0.03,0.03,-0.01,0.03,84000,84000,0.649334858712142
"Vuk Latinovich","NYC",2022,"CB",284,0.04,0.03,-0.04,0.08,-0.06,-0.01,0.03,85444,85444,0.649334858712142
"Patryk Klimala","NYRB",2022,"ST",1792,-0.35,0.07,-0.24,0.18,0.26,0.11,0.03,1e+06,1135000,0.649334858712142
"Dejan Joveljic","LAG",2022,"ST",1194,0.14,-0.13,-0.37,-0.1,0.33,0.17,0.03,612500,612500,0.649334858712142
"Christopher Garcia","RSL",2022,"W",9,0.01,0.04,0,-0.01,-0.01,0,0.03,9e+04,94300,0.649334858712142
"Alex Monis","CHI",2022,"W",5,0,0,0,0,-0.01,0.03,0.03,84000,85900,0.649334858712142
"Jason Pendant","NYRB",2022,"FB",100,-0.02,0,0.08,-0.03,-0.03,0.02,0.02,340000,400750,0.648360010980932
"Hugo Mbongue","TOR",2022,"ST",22,0,0.01,0.07,-0.01,-0.03,-0.02,0.02,65500,75078,0.648360010980932
"Max","COL",2022,"CM",1038,-0.06,-0.09,0.32,0.07,-0.23,0.01,0.02,212000,293360,0.648360010980932
"Ethan Zubak","NSH",2022,"ST",259,0.18,-0.04,-0.07,-0.1,0.09,-0.05,0.02,116000,130000,0.648360010980932
"Gedion Zelalem","NYC",2022,"DM",230,0.04,0,-0.03,0.12,-0.08,-0.03,0.01,84000,84000,0.64738297011462
"Benjamin Redzic","FCD",2022,"DM",97,0.01,-0.02,-0.02,-0.01,-0.01,0.07,0.01,66724,74346,0.64738297011462
"Romain Métanire","MIN",2022,"DM",29,-0.01,0,0.02,0.01,-0.01,-0.01,0.01,720000,819250,0.64738297011462
"Nick Lima","ATX",2022,"FB",2591,-0.17,0.04,0.16,0.37,-0.44,0.05,0.01,350000,350000,0.64738297011462
"Kwaku Owusu","NYC",2022,"CB",13,-0.01,0,-0.01,0.02,0,0.01,0.01,85444,85444,0.64738297011462
"Martín Cáceres","LAG",2022,"CB",475,0.11,0.05,0.05,-0.06,-0.09,-0.04,0.01,240000,294400,0.64738297011462
"João Paulo","SEA",2022,"DM",489,-0.15,0.03,0.31,-0.11,-0.09,0.02,0.01,1.2e+06,1283330,0.64738297011462
"Cristián Gutiérrez","VAN",2022,"FB",691,-0.15,0.03,0,0.16,-0.03,0.01,0,250000,267500,0.64640372622307
"Sergio Oregel Jr","CHI",2022,"DM",15,0,0,-0.01,0.02,0,0,0,65500,65500,0.64640372622307
"Miguel Trauco","SJE",2022,"FB",144,-0.01,-0.01,0.04,0.02,-0.03,-0.01,0,1e+05,150000,0.64640372622307
"Daniel Trejo","LAFC",2022,"W",59,0.05,-0.01,-0.01,0.01,-0.03,-0.01,0,65500,65500,0.64640372622307
"Diego Gutiérrez","POR",2022,"ST",9,0.02,0,0.01,0,-0.01,-0.01,0,65500,65500,0.64640372622307
"George Acosta","MIA",2022,"CM",12,-0.02,0,0,0,0,0.02,0,65500,65500,0.64640372622307
"Miguel Ángel Navarro","CHI",2022,"FB",2391,-0.2,-0.24,0.29,0.64,-0.33,-0.16,0,200004,240204,0.64640372622307
"Steven Sserwadda","NYRB",2022,"DM",37,-0.01,0,-0.03,0.01,0,0.02,0,65500,65500,0.64640372622307
"Zach Ryan","NYRB",2022,"ST",69,-0.06,-0.01,-0.04,-0.06,0.1,0.06,-0.01,65500,65500,0.645422269349092
"Jonathan Perez","LAG",2022,"FB",14,0,0,-0.01,0,0,0,-0.01,150000,171750,0.645422269349092
"Jesús Bueno","PHI",2022,"CM",16,-0.01,-0.02,0.06,-0.02,0,0,-0.01,140000,155378,0.645422269349092
"Jhohan Romaña","ATX",2022,"CB",395,0.01,-0.02,-0.02,0.04,-0.02,0,-0.01,440000,440000,0.645422269349092
"Victor Pálsson","DCU",2022,"DM",939,0.13,0.07,0.23,-0.54,-0.01,0.11,-0.01,850000,863125,0.645422269349092
"Brandan Craig","PHI",2022,"DM",6,0,0,0,0,0,0,-0.01,85000,97825,0.645422269349092
"Joey Dezart","ORL",2022,"FB",7,-0.01,0,0,0,0,0,-0.01,89716,89716,0.645422269349092
"Wikelman Carmona","NYRB",2022,"W",53,-0.05,-0.01,0.12,-0.01,-0.04,-0.03,-0.01,66724,69474,0.645422269349092
"Edison Azcona","MIA",2022,"W",22,0,-0.05,-0.01,0.08,-0.02,-0.01,-0.01,65500,65500,0.645422269349092
"Ethan Bartlow","HOU",2022,"CB",1024,0.14,-0.25,0.55,0.03,-0.34,-0.15,-0.02,84000,91500,0.644438589467838
"Tim Parker","HOU",2022,"CB",2495,-0.13,0.11,0.03,0.38,-0.18,-0.22,-0.02,1e+06,1037500,0.644438589467838
"Chris Kablan","RSL",2022,"W",33,0.02,0,0,0.01,-0.03,-0.02,-0.02,108000,126000,0.644438589467838
"Handwalla Bwana","NSH",2022,"W",18,0.01,0,-0.01,0.01,-0.02,-0.01,-0.02,140000,140000,0.644438589467838
"Christopher Hegardt","CLT",2022,"CM",35,0.05,0.01,-0.02,-0.02,-0.03,-0.01,-0.02,65500,73012,0.644438589467838
"Andy Najar","DCU",2022,"FB",1816,0.23,0.03,-0.13,0.09,-0.15,-0.09,-0.02,375000,375000,0.644438589467838
"Sebastian Anderson","COL",2022,"FB",17,0,0,-0.01,-0.02,0.01,0,-0.02,105000,106667,0.644438589467838
"Xherdan Shaqiri","CHI",2022,"AM",2456,-0.03,-0.09,-0.41,1.53,-0.78,-0.25,-0.02,7350000,8153000,0.644438589467838
"Dru Yearwood","NYRB",2022,"CM",1716,-0.09,-0.1,0.48,0.29,-0.51,-0.1,-0.02,5e+05,568750,0.644438589467838
"Jacob Davis","SKC",2022,"ST",6,0,0,0,0,-0.01,0,-0.02,65500,65500,0.644438589467838
"Matheus Rossetto","ATL",2022,"CM",1757,0.08,0.04,0.37,-0.25,-0.16,-0.1,-0.02,550000,662500,0.644438589467838
"Niko Hansen","MIN",2022,"W",118,-0.13,0.02,-0.03,0,0.11,0,-0.03,200400,219400,0.643452676486187
"Michael Halliday","ORL",2022,"FB",72,-0.03,0,0.06,-0.04,-0.01,-0.01,-0.03,89716,99447,0.643452676486187
"Nicholas Gioacchini","ORL",2022,"W",168,-0.17,0.21,-0.07,-0.13,0.15,-0.01,-0.03,350004,369287,0.643452676486187
"Brooklyn Raines","HOU",2022,"CM",40,-0.01,0,0.02,-0.02,-0.02,-0.01,-0.03,65500,83563,0.643452676486187
"Adam Saldana","LAG",2022,"CM",17,0,0,-0.01,-0.01,-0.01,0,-0.03,89513,89513,0.643452676486187
"George Fochive","POR",2022,"CM",40,-0.01,-0.02,0.02,-0.01,-0.01,-0.01,-0.04,84000,84000,0.642464520242121
"Allan Cruz","CIN",2022,"CM",459,-0.04,0.01,-0.18,-0.02,0.12,0.06,-0.04,1140000,1254000,0.642464520242121
"Jonathan Menéndez","RSL",2022,"ST",161,0.02,0,-0.03,-0.09,0.09,-0.03,-0.04,5e+05,602813,0.642464520242121
"Jackson Conway","ATL",2022,"ST",52,-0.04,0.01,-0.01,-0.04,0.03,0,-0.04,84000,84000,0.642464520242121
"Chris Donovan","PHI",2022,"ST",150,-0.06,-0.02,0.03,0.07,0.02,-0.09,-0.04,65500,65500,0.642464520242121
"Reed Baker-Whiting","SEA",2022,"AM",102,-0.01,-0.01,-0.03,0.01,-0.03,0.04,-0.04,65500,85500,0.642464520242121
"Corentin Jean","MIA",2022,"W",91,-0.06,-0.01,-0.03,-0.03,0.11,-0.02,-0.04,720000,788400,0.642464520242121
"Tega Ikoba","POR",2022,"ST",32,-0.01,-0.01,-0.01,-0.01,0,-0.01,-0.04,85444,85444,0.642464520242121
"Nabilai Kibunguchy","MIN",2022,"DM",199,-0.06,0.05,0.09,-0.11,0.01,-0.03,-0.05,66724,66724,0.6414741105041
"Damir Kreilach","RSL",2022,"AM",331,-0.13,-0.02,0.08,-0.14,0.1,0.06,-0.05,1762570,1762570,0.6414741105041
"Adam Armour","CLT",2022,"W",109,-0.06,-0.01,-0.04,0.03,0,0.03,-0.05,65500,65500,0.6414741105041
"Joshué Quiñonez","FCD",2022,"CB",139,0.01,0,0.05,-0.03,-0.06,-0.03,-0.05,180000,227833,0.6414741105041
"Nacho Gil","NER",2022,"W",216,0.19,-0.01,0.01,-0.02,-0.14,-0.1,-0.06,1e+05,1e+05,0.640481436970422
"Jaziel Orozco","RSL",2022,"CB",345,0.02,-0.26,0.24,-0.12,-0.04,0.1,-0.06,65500,65500,0.640481436970422
"Silvester van der Water","ORL",2022,"W",65,-0.04,0,-0.01,0.07,-0.07,-0.02,-0.06,324000,349750,0.640481436970422
"Hassan Ndam","NYRB",2022,"CB",52,-0.01,0,0,-0.03,-0.02,-0.01,-0.06,84000,84000,0.640481436970422
"Eriq Zavaleta","LAG",2022,"CB",222,0.12,0.01,0,-0.05,-0.1,-0.05,-0.07,84000,84000,0.639486489268586
"Zac McGraw","POR",2022,"CB",1225,-0.11,0.03,0.29,-0.29,-0.03,0.04,-0.07,84000,84000,0.639486489268586
"Thiago Fernandes","HOU",2022,"W",34,0,0,0,-0.04,-0.01,-0.01,-0.07,310344,370344,0.639486489268586
"Steve Birnbaum","DCU",2022,"CB",3162,-0.03,0.37,-0.51,-0.47,0.29,0.28,-0.07,750000,762500,0.639486489268586
"Cal Jennings","LAFC",2022,"W",33,-0.02,0,-0.01,-0.04,0.01,-0.01,-0.08,84000,84000,0.638489256954637
"Luquinhas","NYRB",2022,"AM",2140,0.03,0.92,0.06,-0.42,-0.45,-0.22,-0.08,1050000,1173120,0.638489256954637
"Ema Twumasi","FCD",2022,"FB",2343,0.64,0.09,-0.03,-0.63,-0.19,0.04,-0.08,290000,309300,0.638489256954637
"Mikey Ambrose","ATL",2022,"FB",61,0,0,-0.04,-0.07,0,0.03,-0.08,85444,85444,0.638489256954637
"Jack Lynn","ORL",2022,"ST",25,-0.06,0,-0.01,0,0,-0.01,-0.08,65500,65500,0.638489256954637
"Kalil ElMedkhar","FCD",2022,"W",116,-0.02,-0.01,-0.01,-0.05,0,0,-0.08,66724,66724,0.638489256954637
"William Richmond","SJE",2022,"W",56,0.02,-0.01,0.01,-0.06,-0.05,0,-0.09,65500,65500,0.637489729512511
"Erik Godoy","VAN",2022,"CB",496,0.05,-0.01,-0.01,-0.06,-0.11,0.06,-0.09,550000,550000,0.637489729512511
"Erik Holt","RSL",2022,"CB",620,0.08,0.01,-0.19,0.06,-0.13,0.09,-0.09,125000,125000,0.637489729512511
"Blake Bodily","POR",2022,"ST",30,0,-0.01,-0.01,-0.02,-0.03,-0.02,-0.09,84000,84000,0.637489729512511
"Zico Bailey","CIN",2022,"FB",88,-0.02,0,-0.03,-0.02,-0.01,-0.01,-0.09,84000,84000,0.637489729512511
"Alexandre Pato","ORL",2022,"ST",1339,-0.12,-0.06,-0.1,0.69,-0.58,0.07,-0.09,4e+05,4e+05,0.637489729512511
"Gaoussou Samake","DCU",2022,"FB",131,-0.04,0.01,-0.02,-0.02,-0.02,-0.02,-0.09,84000,84000,0.637489729512511
"Taylor Washington","NSH",2022,"FB",688,0.13,-0.02,0.15,-0.11,-0.16,-0.09,-0.1,93989,107570,0.636487896353365
"Justin Meram","RSL",2022,"W",2451,0.31,0.16,-0.28,1.01,-0.87,-0.43,-0.1,425000,468750,0.636487896353365
"Koa Santos","CLT",2022,"W",62,-0.06,-0.01,0.06,-0.02,-0.05,-0.03,-0.1,65500,65500,0.636487896353365
"Noble Okello","TOR",2022,"CM",390,-0.04,0.01,0.02,-0.1,0,0.01,-0.1,115000,126815,0.636487896353365
"Edwin Munjoma","FCD",2022,"FB",113,0.1,-0.02,0.03,-0.1,-0.07,-0.04,-0.1,84000,84000,0.636487896353365
"Niko Tsakiris","SJE",2022,"AM",414,-0.27,0.02,-0.04,0.14,-0.02,0.06,-0.1,65500,69667,0.636487896353365
"Rodrigues","SJE",2022,"CB",661,0.12,-0.25,0.59,-0.34,-0.14,-0.07,-0.11,550000,608000,0.635483746814912
"Julian Araujo","LAG",2022,"FB",3021,-0.15,-0.41,0.61,-0.2,0.13,-0.07,-0.11,575000,678750,0.635483746814912
"Adrien Hunou","MIN",2022,"ST",168,-0.12,0.04,-0.08,-0.19,0.25,-0.01,-0.11,2450000,2687702,0.635483746814912
"Victor Bezerra","CHI",2022,"ST",72,0.01,0,0.01,-0.03,-0.08,-0.04,-0.11,84000,96461,0.635483746814912
"Júnior Moreno","CIN",2022,"CM",2212,-0.04,-0.29,0.7,0.24,-0.51,-0.22,-0.12,325000,373750,0.634477270160732
"Edison Flores","DCU",2022,"AM",908,-0.07,-0.06,0.07,-0.67,0.68,-0.08,-0.12,1.6e+06,1733000,0.634477270160732
"Pedro Vite","VAN",2022,"AM",1324,-0.28,0,0.05,0.32,-0.13,-0.08,-0.12,556000,609997,0.634477270160732
"Brendan Hines-Ike","DCU",2022,"CB",1884,0.34,-0.35,0.5,-0.15,-0.31,-0.15,-0.12,375000,417917,0.634477270160732
"Marlon Hairston","CLB",2022,"FB",168,-0.04,0.01,0.01,-0.06,-0.02,-0.02,-0.12,175000,175000,0.634477270160732
"Dave Romney","NSH",2022,"CB",2907,-0.05,0.22,-0.32,-0.12,-0.01,0.15,-0.12,475000,475000,0.634477270160732
"Dantouma Toure","COL",2022,"W",70,-0.04,-0.01,-0.06,-0.03,-0.01,0.02,-0.13,65500,80118,0.633468455579587
"Paxten Aaronson","PHI",2022,"ST",531,-0.12,-0.08,0.06,0.04,-0.05,0.03,-0.13,107500,111500,0.633468455579587
"Daniel Aguirre","LAG",2022,"DM",438,-0.07,0,-0.05,-0.03,0.08,-0.06,-0.13,66724,66724,0.633468455579587
"Rodney Redes","ATX",2022,"W",228,-0.05,0.08,0.07,-0.15,-0.06,-0.01,-0.13,412500,412500,0.633468455579587
"Raheem Edwards","LAG",2022,"FB",2511,-0.17,-0.15,-0.02,-0.04,0.14,0.1,-0.13,275000,307500,0.633468455579587
"Griffin Yow","DCU",2022,"AM",307,-0.06,0.28,0.02,-0.16,-0.18,-0.03,-0.13,130000,136118,0.633468455579587
"Jan Sobociński","CLT",2022,"CB",436,0,0.03,0,-0.12,0.02,-0.07,-0.14,325000,351250,0.632457292184724
"Roberto Avila","HOU",2022,"W",200,0.04,0.02,-0.03,-0.08,-0.1,0,-0.14,65500,65500,0.632457292184724
"Nicolás Mezquida","COL",2022,"AM",159,-0.06,0,0.01,-0.02,-0.02,-0.05,-0.14,84000,84000,0.632457292184724
"Washington Corozo","ATX",2022,"DM",70,-0.02,-0.01,-0.05,-0.04,-0.04,0.01,-0.14,3e+05,327500,0.632457292184724
"Ismael Tajouri-Shradi","LAFC",2022,"W",204,0.11,-0.01,-0.05,-0.02,-0.11,-0.07,-0.15,606375,647860,0.631443769013172
"Adam Lundkvist","HOU",2022,"FB",2847,-0.19,0.03,0.94,-0.34,-0.36,-0.23,-0.15,325000,372500,0.631443769013172
"Ashley Fletcher","NYRB",2022,"ST",285,-0.15,-0.26,0.01,0,0.19,0.05,-0.15,1350000,1569750,0.631443769013172
"Matai Akinmboni","DCU",2022,"CB",126,0.02,-0.01,-0.05,-0.07,-0.03,-0.01,-0.15,65500,75000,0.631443769013172
"Adrien Pérez","DCU",2022,"AM",151,0.03,-0.02,0.19,-0.28,-0.04,-0.03,-0.16,89513,89513,0.630427875025024
"Jairo Quinteros","MIA",2022,"CB",310,-0.09,0.02,0.06,-0.09,-0.04,-0.03,-0.16,85000,85000,0.630427875025024
"Anthony Markanich","COL",2022,"FB",257,-0.05,-0.23,-0.04,-0.06,0.14,0.08,-0.16,65500,65500,0.630427875025024
"Christopher McVey","MIA",2022,"FB",3357,0.11,-0.36,0.96,-0.37,-0.32,-0.18,-0.16,199992,224292,0.630427875025024
"Abdoulaye Cissoko","SEA",2022,"CB",457,-0.02,-0.01,-0.02,0.13,-0.18,-0.07,-0.16,66724,66724,0.630427875025024
"Hassani Dotson","MIN",2022,"FB",685,-0.1,0.09,-0.03,-0.1,-0.1,0.07,-0.17,4e+05,457500,0.629409599102719
"Kristian Fletcher","DCU",2022,"W",71,-0.04,-0.01,0,-0.03,-0.08,-0.01,-0.17,84000,105189,0.629409599102719
"Nelson Quiñones","HOU",2022,"W",163,-0.09,-0.02,0,0.03,-0.05,-0.04,-0.17,150996,171890,0.629409599102719
"Joevin Jones","MIA",2022,"FB",156,0.05,-0.01,-0.07,0.01,-0.11,-0.06,-0.17,360000,458100,0.629409599102719
"Mark-Anthony Kaye","TOR, COL",2022,"CM",2066,-0.28,0,0.35,-0.07,-0.23,0.07,-0.17,7e+05,7e+05,0.629409599102719
"Diego Luna","RSL",2022,"W",376,0.14,-0.04,0.01,-0.12,-0.22,0.06,-0.18,84000,98380,0.628388930050311
"Doneil Henry","LAFC, TOR",2022,"CB",326,-0.01,0.01,0,0,-0.12,-0.06,-0.18,385000,403000,0.628388930050311
"Jonathan González","MIN",2022,"CM",224,-0.03,-0.01,0.04,-0.14,-0.04,0.01,-0.18,240000,245000,0.628388930050311
"Rida Zouhir","MTL",2022,"CM",145,0.07,-0.01,-0.07,-0.14,-0.05,0,-0.19,66724,74809,0.627365856592733
"Jacori Hayes","MIN",2022,"DM",105,-0.02,0,-0.03,0,-0.1,-0.05,-0.19,190000,199833,0.627365856592733
"Xavier Arreaga","SEA",2022,"CB",2355,0.52,-0.08,-0.72,0.1,0.05,-0.07,-0.19,7e+05,7e+05,0.627365856592733
"George Campbell","ATL",2022,"CB",1619,0.13,0.08,-0.19,-0.13,-0.03,-0.06,-0.19,98000,98000,0.627365856592733
"Kelvin Leerdam","LAG",2022,"FB",549,-0.1,0.01,-0.16,0.22,-0.11,-0.06,-0.2,3e+05,335000,0.626340367375042
"Samuel Adeniran","SEA",2022,"ST",79,-0.01,-0.03,-0.01,-0.01,-0.13,-0.02,-0.2,65500,65500,0.626340367375042
"Steven Beitashour","COL",2022,"FB",1434,-0.21,0.08,0.34,-0.17,-0.21,-0.04,-0.2,150000,172500,0.626340367375042
"Javier López","SJE",2022,"CM",259,-0.1,-0.01,-0.11,-0.05,0.06,0,-0.2,860000,860000,0.626340367375042
"Malte Amundsen","NYC",2022,"FB",2361,-0.24,0.02,0.02,0.02,0.05,-0.08,-0.21,270000,308700,0.625312450961674
"Matko Miljevic","MTL",2022,"AM",796,-0.11,0.24,-0.09,-0.31,-0.22,0.28,-0.21,545455,593364,0.625312450961674
"Stuart Findlay","PHI",2022,"CB",400,0.01,0.04,-0.17,-0.12,0,0.02,-0.21,450000,450000,0.625312450961674
"Moses Nyeman","DCU",2022,"CM",155,-0.04,0,-0.03,-0.06,-0.07,-0.01,-0.22,89716,92502,0.624282095835668
"Wilder Cartagena","ORL",2022,"DM",371,0.01,-0.01,0.05,-0.09,-0.14,-0.04,-0.22,240000,280250,0.624282095835668
"Ethan Dobbelaere","SEA",2022,"FB",309,0.13,-0.02,-0.06,-0.1,-0.11,-0.06,-0.22,89716,103716,0.624282095835668
"Zarek Valentin","HOU",2022,"FB",403,0,0.02,0.07,-0.2,-0.07,-0.05,-0.23,260000,290000,0.6232492903979
"Wyatt Omsberg","CHI",2022,"CB",1376,0,0.11,-0.58,-0.16,0.33,0.07,-0.23,140000,157000,0.6232492903979
"Collen Warner","COL",2022,"DM",742,-0.05,-0.07,0.21,-0.31,-0.08,0.06,-0.23,84000,84000,0.6232492903979
"Matt Real","PHI",2022,"CM",205,-0.11,-0.01,-0.04,-0.08,-0.02,0.03,-0.23,105000,105000,0.6232492903979
"Tayvon Gray","NYC",2022,"FB",2125,0.01,0.3,0.36,-0.54,-0.32,-0.05,-0.23,125000,144788,0.6232492903979
"Tristan Blackmon","VAN",2022,"CB",2350,0.42,-0.34,0.02,0.02,-0.41,0.06,-0.24,350000,401208,0.622214022966295
"Ralph Priso-Mbongue","COL, TOR",2022,"CM",533,0.04,-0.01,0.06,-0.06,-0.19,-0.08,-0.24,85444,89195,0.622214022966295
"Pablo Bonilla","POR",2022,"FB",285,-0.02,-0.02,0.01,0.03,-0.16,-0.08,-0.24,132000,144667,0.622214022966295
"Dominique Badji","CIN",2022,"ST",1217,0.15,-0.36,0.09,-0.12,0,0,-0.24,5e+05,555000,0.622214022966295
"Ronald Matarrita","CIN",2022,"FB",264,-0.06,-0.24,-0.06,0.08,-0.02,0.06,-0.25,750000,806875,0.621176281775035
"Derrick Jones","CLT",2022,"DM",1053,-0.04,-0.1,0.25,-0.2,-0.12,-0.03,-0.25,185000,207969,0.621176281775035
"Rodrigo Schlegel","ORL",2022,"CB",2423,0.47,-0.77,0.41,0.18,-0.49,-0.06,-0.25,2e+05,2e+05,0.621176281775035
"Brek Shea","MIA",2022,"FB",182,-0.04,0,-0.07,-0.13,0.02,-0.04,-0.26,182000,206100,0.620136054973757
"Edwin Mosquera","ATL",2022,"W",376,0.06,-0.1,-0.08,-0.24,0.02,0.06,-0.27,3e+05,337000,0.619093330626743
"Matt Polster","NER",2022,"DM",2325,0.53,-0.03,-0.4,-0.16,-0.14,-0.07,-0.27,325000,353437,0.619093330626743
"Kwadwo Opoku","LAFC",2022,"W",1946,-0.88,-0.14,-0.13,-0.47,0.81,0.55,-0.27,92000,133095,0.619093330626743
"Esmir Bajraktarevic","NER",2022,"CM",141,0.12,-0.01,-0.06,-0.17,-0.09,-0.06,-0.27,65500,71559,0.619093330626743
"Kei Kamara","MTL",2022,"ST",1751,0.38,-0.23,0,-0.35,0.12,-0.19,-0.27,84000,94000,0.619093330626743
"Michael Baldisimo","VAN",2022,"CM",520,-0.04,-0.06,0.12,-0.08,-0.15,-0.07,-0.28,107415,109292,0.618048096712093
"Quinn Sullivan","PHI",2022,"ST",316,0.15,-0.04,-0.05,0,-0.28,-0.06,-0.28,1e+05,103500,0.618048096712093
"Anderson Julio","RSL",2022,"ST",619,0.66,-0.07,-0.09,-0.68,-0.08,-0.02,-0.28,750000,820000,0.618048096712093
"Nathan","POR",2022,"ST",474,-0.33,-0.06,-0.05,-0.34,0.46,0.04,-0.28,650000,691250,0.618048096712093
"Nathan","POR",2022,"ST",474,-0.33,-0.06,-0.05,-0.34,0.46,0.04,-0.28,65500,65500,0.618048096712093
"Shea Salinas","SJE",2022,"W",257,0.16,0.04,0.05,-0.39,-0.16,0.01,-0.28,280000,280000,0.618048096712093
"Logan Ndenbe","SKC",2022,"FB",1931,0.18,0.23,0.1,-0.46,-0.17,-0.18,-0.29,350000,396125,0.617000341120899
"Felipe","ATX",2022,"DM",891,0.45,-0.05,-0.09,-0.31,-0.23,-0.06,-0.29,84000,84000,0.617000341120899
"Yaw Yeboah","CLB",2022,"W",891,0.2,0.05,-0.09,-0.28,-0.14,-0.03,-0.29,6e+05,663750,0.617000341120899
"Mason Toye","MTL",2022,"ST",802,-0.09,0.15,-0.16,-0.37,0.21,-0.02,-0.29,5e+05,558000,0.617000341120899
"Justin Rasmussen","POR",2022,"FB",714,-0.25,0.01,-0.03,0.02,-0.04,-0.01,-0.29,65500,65500,0.617000341120899
"Thomas Williams","ORL",2022,"CB",199,-0.02,0.01,-0.15,-0.01,-0.08,-0.04,-0.3,66724,73254,0.615950051656401
"Everton Luiz","RSL",2022,"CM",488,0,-0.08,0.29,-0.11,-0.26,-0.15,-0.3,5e+05,570833,0.615950051656401
"Sean Zawadzki","CLB",2022,"CM",318,-0.07,0.25,-0.2,-0.1,-0.11,-0.07,-0.3,84000,89000,0.615950051656401
"Jimmy Medranda","SEA",2022,"FB",753,0.01,-0.3,0.24,-0.12,-0.27,0.14,-0.3,2e+05,210000,0.615950051656401
"Nicolas Isimat-Mirin","SKC",2022,"CB",2506,-0.17,-0.02,0.28,-0.58,0.17,0.01,-0.3,950000,1028120,0.615950051656401
"Jhojan Valencia","ATX",2022,"DM",540,-0.06,-0.04,0.1,-0.14,-0.11,-0.07,-0.3,355000,400125,0.615950051656401
"Theodore Ku-Dipietro","DCU",2022,"W",286,-0.08,0.04,-0.08,-0.01,-0.07,-0.11,-0.31,65500,65500,0.614897216033135
"Nick Besler","RSL",2022,"CM",296,0.01,-0.01,-0.07,-0.01,-0.15,-0.07,-0.31,210000,210000,0.614897216033135
"Michael Boxall","MIN",2022,"CB",3045,0.16,-0.12,0.11,-0.14,-0.18,-0.14,-0.31,602210,655307,0.614897216033135
"Memo Rodríguez","HOU",2022,"W",1656,0.01,-0.29,0.49,-0.21,-0.33,0.02,-0.32,285000,310935,0.613841821876069
"Iván Angulo","ORL",2022,"W",603,0.11,-0.07,-0.01,-0.1,-0.34,0.08,-0.32,348000,380660,0.613841821876069
"Alan Velasco","FCD",2022,"W",2064,-0.06,-0.09,-0.16,0.47,-0.69,0.22,-0.32,1.1e+06,1305000,0.613841821876069
"Ryan Raposo","VAN",2022,"FB",1600,-0.02,0.11,-0.28,-0.15,-0.13,0.15,-0.32,1e+05,114000,0.613841821876069
"Nathan Byrne","CLT",2022,"FB",326,-0.03,0,-0.13,-0.08,-0.06,-0.04,-0.33,560000,607833,0.612783856719735
"Braian Ojeda","RSL",2022,"CM",395,0.19,-0.09,-0.27,0.04,-0.13,-0.07,-0.33,550000,608653,0.612783856719735
"Caio Alexandre","VAN",2022,"CM",102,-0.04,-0.01,-0.15,-0.04,-0.06,-0.04,-0.33,5e+05,562500,0.612783856719735
"Sega Coulibaly","LAG",2022,"CB",2394,0.36,0.12,-0.9,0.15,-0.03,-0.04,-0.33,420000,457000,0.612783856719735
"Javier Casas","CHI",2022,"DM",64,-0.16,0.02,-0.09,-0.11,0.03,-0.02,-0.33,84000,85900,0.612783856719735
"Kyle Smith","ORL",2022,"FB",1592,-0.17,0.02,0.15,-0.07,-0.23,-0.03,-0.34,128580,141244,0.611723308007342
"Jojea Kwizera","MTL",2022,"FB",321,-0.22,0.01,-0.03,-0.09,-0.02,0.01,-0.34,65500,65500,0.611723308007342
"Bryan Oviedo","RSL",2022,"FB",396,-0.08,0.03,-0.02,-0.12,-0.1,-0.04,-0.34,274800,320960,0.611723308007342
"Bakaye Dibassy","MIN",2022,"CB",2468,-0.39,0.22,0.66,-0.67,-0.03,-0.13,-0.34,650000,743125,0.611723308007342
"Júnior Urso","ORL",2022,"DM",2817,-0.48,-0.15,-0.03,-0.76,0.8,0.27,-0.34,750000,780000,0.611723308007342
"A.J. DeLaGarza","NER",2022,"FB",314,-0.05,0,-0.03,-0.15,-0.07,-0.04,-0.34,250000,250000,0.611723308007342
"Yimmi Chará","POR",2022,"W",2998,-0.07,0.07,0.36,-0.16,-0.24,-0.3,-0.34,1.5e+06,1803000,0.611723308007342
"Johnny Russell","SKC",2022,"W",2923,1.59,-0.15,-0.4,-0.2,-1.08,-0.1,-0.34,2e+06,2e+06,0.611723308007342
"Victor Ulloa","MIA",2022,"CM",457,-0.2,-0.01,0.1,-0.13,0,-0.11,-0.34,250000,250000,0.611723308007342
"Joseph Rosales","MIN",2022,"DM",1174,-0.24,0.17,0.25,0.15,-0.48,-0.19,-0.35,65500,65500,0.61066016308988
"Sam Junqua","HOU",2022,"FB",616,0.06,0.03,-0.05,-0.07,-0.23,-0.09,-0.35,89513,89513,0.61066016308988
"Jordan Perruzza","TOR",2022,"W",286,-0.13,-0.03,-0.03,-0.1,-0.07,0.01,-0.35,84000,86500,0.61066016308988
"Tosaint Ricketts","VAN",2022,"ST",563,0.04,-0.01,-0.08,-0.36,-0.01,0.07,-0.35,84000,84000,0.61066016308988
"Gustavo Vallecilla","COL",2022,"CB",632,-0.06,-0.24,0.39,-0.22,-0.21,-0.02,-0.36,312000,344880,0.60959440922522
"Robert Taylor","MIA",2022,"W",2409,0.14,0.19,-0.16,-0.21,-0.25,-0.06,-0.36,252000,278900,0.60959440922522
"Jacen Russel-Rowe","CLB",2022,"ST",255,0.03,0.05,-0.03,-0.12,-0.21,-0.08,-0.36,65500,72866,0.60959440922522
"David Ayala","POR",2022,"CM",852,0.18,-0.09,-0.07,-0.03,-0.3,-0.06,-0.36,275000,395000,0.60959440922522
"Danny Leyva","SEA",2022,"CM",1046,-0.11,0.01,0.2,-0.04,-0.29,-0.13,-0.37,110000,129423,0.608526033577194
"Keegan Rosenberry","COL",2022,"FB",3280,0.38,-0.59,0.24,-0.08,-0.33,0.01,-0.37,4e+05,4e+05,0.608526033577194
"Nigel Robertha","DCU",2022,"W",815,0.16,-0.14,-0.09,0.2,-0.33,-0.17,-0.37,550000,622406,0.608526033577194
"Joshua Atencio","SEA",2022,"DM",808,0.11,-0.01,0.09,-0.07,-0.34,-0.16,-0.37,84000,88557,0.608526033577194
"Orrin McKinze Gaines II","CLT",2022,"W",1197,-0.32,0.11,-0.12,-0.25,0.32,-0.13,-0.37,84000,86750,0.608526033577194
"Jared Stroud","ATX",2022,"W",65,-0.02,-0.01,-0.22,-0.04,-0.05,-0.03,-0.38,84000,84000,0.607455023214668
"Kellyn Acosta","LAFC",2022,"CM",2824,0.08,0.3,-0.56,0.1,-0.33,0.04,-0.38,1.1e+06,1215000,0.607455023214668
"César Araujo","ORL",2022,"DM",2702,-0.21,0.1,0.08,0.4,-0.56,-0.19,-0.38,180000,261000,0.607455023214668
"Tanner Beason","SJE",2022,"CB",2431,-0.15,0.21,0.21,-0.44,-0.04,-0.17,-0.38,2e+05,2e+05,0.607455023214668
"Luke Haakenson","NSH",2022,"CM",718,0.11,0.05,-0.14,-0.22,-0.05,-0.13,-0.38,84000,84000,0.607455023214668
"Kelyn Rowe","SEA",2022,"FB",1438,-0.13,-0.03,-0.01,-0.06,-0.18,0,-0.41,275000,275000,0.60422605308447
"Dylan Borrero","NER",2022,"W",660,-0.09,-0.04,-0.22,0.08,-0.2,0.05,-0.41,550000,613962,0.60422605308447
"Kayden Pierre","SKC",2022,"FB",1072,0.24,-0.14,0.12,-0.18,-0.31,-0.15,-0.41,65500,70600,0.60422605308447
"Aaron Long","NYRB",2022,"CB",2622,-0.14,0.33,-1.39,-0.44,0.95,0.27,-0.42,1050000,1080000,0.603144372620182
"Oniel Fisher","MIN",2022,"FB",691,-0.21,0.01,0.08,-0.03,-0.14,-0.13,-0.42,120000,133000,0.603144372620182
"Ahmed Hamdi","MTL",2022,"AM",379,-0.17,0.22,-0.08,-0.21,-0.09,-0.09,-0.42,475000,572500,0.603144372620182
"Brooks Lennon","ATL",2022,"FB",2249,-0.22,0.49,-0.82,-0.29,0.58,-0.17,-0.42,5e+05,5e+05,0.603144372620182
"Steven Moreira","CLB",2022,"FB",3087,-0.02,-0.14,-0.36,0.12,0.04,-0.07,-0.43,550000,632708,0.602059991327962
"Tyler Wolff","ATL",2022,"W",266,-0.3,0.01,0.07,-0.17,-0.05,0,-0.44,110000,114500,0.600972895686748
"Nicolás Lodeiro","SEA",2022,"AM",2527,-0.4,-0.26,0.27,1.07,-0.73,-0.4,-0.45,2640000,3256670,0.599883072073688
"Kortne Ford","SKC",2022,"CB",906,0.03,-0.29,0.1,-0.01,-0.2,-0.08,-0.45,150000,151667,0.599883072073688
"Chris Mueller","CHI",2022,"W",2132,-0.39,0.19,-0.2,-0.45,0.19,0.21,-0.45,549996,612316,0.599883072073688
"Alistair Johnston","MTL",2022,"FB",2929,-0.09,0.28,-0.45,-0.53,0.24,0.1,-0.45,4e+05,445625,0.599883072073688
"Alessandro Schöpf","VAN",2022,"AM",368,-0.16,-0.03,0.05,-0.33,0.07,-0.05,-0.45,8e+05,892500,0.599883072073688
"Henry Kessler","NER",2022,"CB",2017,0.06,-0.45,0,0.15,-0.22,0.01,-0.46,150000,170000,0.598790506763115
"Maciel","NER",2022,"DM",760,-0.03,-0.07,-0.07,0.16,-0.27,-0.17,-0.46,69902,69902,0.598790506763115
"Emiliano Rigoni","ATX",2022,"W",311,-0.13,-0.03,-0.01,0.02,-0.2,-0.11,-0.46,1846150,2294150,0.598790506763115
"Andre Reynolds","CHI",2022,"W",470,-0.11,0.02,0.15,-0.13,-0.21,-0.18,-0.47,9e+04,98000,0.597695185925512
"Héber","NYC",2022,"ST",1171,-0.31,0.15,-0.13,-0.56,0.12,0.25,-0.48,825000,914000,0.59659709562646
"Kipp Keller","ATX",2022,"CB",359,-0.17,-0.05,-0.32,0.17,-0.08,-0.04,-0.49,84000,96500,0.595496221825574
"Raymon Gaddis","CIN",2022,"FB",1251,-0.12,-0.18,0.07,0.01,-0.16,-0.1,-0.49,230000,230000,0.595496221825574
"Omar González","NER",2022,"CB",854,-0.09,-0.19,-0.08,-0.1,-0.11,0.08,-0.49,425000,450000,0.595496221825574
"Teal Bunbury","NSH",2022,"ST",747,-0.46,-0.09,-0.12,-0.19,0.15,0.21,-0.49,4e+05,444167,0.595496221825574
"Mauricio Pereyra","ORL",2022,"AM",2720,-0.09,-0.05,-0.2,1.55,-1.14,-0.57,-0.5,1.1e+06,1348000,0.594392550375427
"Brent Kallman","MIN",2022,"CB",1524,-0.25,0.05,-0.27,-0.01,-0.13,0.11,-0.5,160000,168000,0.594392550375427
"Ilie Sánchez","LAFC",2022,"DM",2956,-0.08,-0.18,-0.43,0.83,-0.39,-0.25,-0.5,1150000,1150000,0.594392550375427
"Tyler Blackett","CIN",2022,"CB",1504,0.06,-0.44,-0.21,0.18,-0.01,-0.09,-0.51,840000,840000,0.593286067020457
"Noah Allen","MIA",2022,"FB",368,-0.17,0,-0.11,-0.11,-0.09,-0.02,-0.51,65500,67167,0.593286067020457
"Donovan Pines","DCU",2022,"CB",1619,-0.29,-0.1,0.33,-0.43,0.1,-0.12,-0.51,150000,152000,0.593286067020457
"Dániel Sallói","SKC",2022,"W",2759,-0.2,0.33,-0.14,-0.13,-0.61,0.25,-0.51,450000,506667,0.593286067020457
"Maikel Chang","RSL",2022,"W",1988,-0.46,-0.1,0.12,-0.06,0.14,-0.16,-0.51,98261,98261,0.593286067020457
"Brian Gutierrez","CHI",2022,"W",1803,-0.43,-0.15,-0.07,0.12,0.26,-0.24,-0.52,104000,105900,0.592176757395867
"Sam Nicholson","COL",2022,"W",909,-0.24,-0.04,0.08,-0.06,-0.24,-0.02,-0.52,3e+05,335313,0.592176757395867
"Erik Hurtado","CLB",2022,"ST",499,0.19,-0.06,-0.17,-0.46,-0.01,0,-0.52,84000,84000,0.592176757395867
"Drew Moor","COL",2022,"CB",279,-0.16,-0.03,-0.22,-0.05,-0.03,-0.03,-0.52,150000,172500,0.592176757395867
"Jhon Espinoza","CHI",2022,"FB",592,-0.05,-0.29,-0.02,-0.05,0.05,-0.17,-0.53,216000,242500,0.591064607026499
"Paxton Pomykal","FCD",2022,"CM",2627,0.5,-0.23,-0.32,0.15,-0.39,-0.23,-0.53,7e+05,7e+05,0.591064607026499
"Brian White","VAN",2022,"ST",1805,-1.09,-0.23,-0.2,-0.94,1.89,0.03,-0.54,456000,456000,0.589949601325708
"Kevin O'Toole","NYC",2022,"W",302,-0.2,-0.03,0.12,-0.09,-0.22,-0.12,-0.54,65500,65500,0.589949601325708
"Larrys Mabiala","POR",2022,"CB",1731,-0.42,-0.04,0.52,-0.06,-0.38,-0.17,-0.54,450000,460000,0.589949601325708
"Francisco Ginella","LAFC",2022,"CM",528,-0.01,-0.19,-0.2,0.03,-0.17,0,-0.55,450000,572250,0.588831725594207
"Kacper Przybylko","CHI",2022,"ST",1742,0.21,-0.09,-0.19,-0.58,0.08,0.02,-0.55,1.1e+06,1212500,0.588831725594207
"Darwin Cerén","HOU",2022,"DM",1285,-0.04,-0.02,0.25,-0.19,-0.35,-0.2,-0.55,190000,240000,0.588831725594207
"Paul Arriola","FCD",2022,"W",2813,-1.17,0.04,-0.24,-0.06,0.81,0.07,-0.55,1.1e+06,1130000,0.588831725594207
"John Nelson","CIN",2022,"FB",1332,-0.06,0.08,0.14,-0.55,-0.13,-0.05,-0.56,65500,73500,0.587710965018911
"Jackson Yueill","SJE",2022,"DM",2924,-0.13,-0.18,-0.28,0.32,-0.03,-0.28,-0.57,7e+05,736875,0.586587304671755
"Kadin Chung","TOR",2022,"FB",495,0.02,-0.19,0.01,-0.28,-0.08,-0.06,-0.57,65500,70631,0.586587304671755
"Emmanuel Boateng","NER",2022,"W",1112,-0.32,-0.14,-0.33,0.1,0.27,-0.15,-0.57,225000,225000,0.586587304671755
"Ola Kamara","DCU",2022,"ST",1652,-0.12,-0.19,-0.58,-0.45,0.67,0.1,-0.57,1.5e+06,1520000,0.586587304671755
"Luis Díaz","CLB",2022,"W",1668,0.2,0.2,-0.12,-0.69,0.04,-0.21,-0.58,375000,408900,0.585460729508501
"Brandon Servania","FCD",2022,"CM",1457,0,-0.01,-0.08,-0.36,-0.22,0.09,-0.58,4e+05,455833,0.585460729508501
"William Sands","CLB",2022,"FB",729,-0.05,0.04,-0.06,-0.19,-0.22,-0.1,-0.59,84000,90250,0.584331224367531
"Russell Canouse","DCU",2022,"CM",1331,-0.13,-0.03,0.32,-0.49,-0.13,-0.13,-0.59,515000,515000,0.584331224367531
"Jack Price","COL",2022,"CM",1211,-0.07,-0.05,-0.35,0.45,-0.24,-0.32,-0.59,662500,725000,0.584331224367531
"Cade Cowell","SJE",2022,"W",1697,-0.31,-0.05,-0.09,-0.15,-0.14,0.15,-0.6,545455,635364,0.583198773968623
"Ifunanyachi Achara","TOR",2022,"W",457,-0.51,-0.06,0.17,-0.44,0.28,-0.03,-0.6,84000,84000,0.583198773968623
"Douglas Costa","LAG",2022,"W",1559,0.49,0.01,-0.26,0.09,-0.79,-0.15,-0.61,3e+06,4508330,0.582063362911709
"Lukas MacNaughton","TOR",2022,"CB",1975,-0.21,0.23,-0.37,-0.14,0.05,-0.17,-0.61,84000,86100,0.582063362911709
"Raúl Ruidíaz","SEA",2022,"ST",1419,-0.55,0.25,-0.23,-0.17,-0.29,0.38,-0.62,2472000,3201120,0.580924975675619
"Zan Kolmanic","ATX",2022,"FB",1187,-0.05,-0.21,-0.59,0.53,-0.21,-0.1,-0.63,3e+05,3e+05,0.57978359661681
"Kamil Jozwiak","CLT",2022,"W",1264,-0.14,0.02,0.1,-0.32,-0.05,-0.24,-0.63,9e+05,1017000,0.57978359661681
"Federico Navarro","CHI",2022,"DM",2708,-0.34,-0.46,1.4,-0.76,-0.44,-0.03,-0.63,200004,275004,0.57978359661681
"Elias Manoel","NYRB",2022,"ST",384,-0.52,-0.02,-0.08,0,0.01,-0.03,-0.63,360000,374800,0.57978359661681
"Justin Haak","NYC",2022,"DM",866,-0.11,0.06,0.19,-0.43,-0.2,-0.15,-0.64,85444,85444,0.578639209968072
"Christopher Gloster","NYC",2022,"FB",531,-0.1,-0.24,-0.28,-0.04,0.01,0.01,-0.64,228000,238000,0.578639209968072
"Chase Gasper","LAG",2022,"FB",933,-0.15,-0.04,0.07,-0.39,-0.1,-0.03,-0.64,375000,4e+05,0.578639209968072
"Zeca","HOU",2022,"FB",1263,0.2,0.03,-0.51,-0.15,-0.08,-0.13,-0.65,218182,259015,0.577491799837225
"Nikola Vujnovic","SKC",2022,"ST",377,-0.1,-0.02,-0.06,-0.06,-0.25,-0.16,-0.65,428580,481705,0.577491799837225
"Andres Jasson","NYC",2022,"FB",541,-0.03,0.01,-0.1,-0.29,-0.19,-0.06,-0.65,1e+05,117144,0.577491799837225
"Darlington Nagbe","CLB",2022,"DM",3358,0.72,0.24,-0.43,-0.47,-0.36,-0.36,-0.66,1760000,1760000,0.576341350205793
"Kevin Molino","CLB",2022,"W",507,0.01,-0.08,0.13,-0.26,-0.31,-0.14,-0.66,700348,700348,0.576341350205793
"Bobby Wood","RSL",2022,"ST",1050,-0.63,-0.11,-0.35,-0.21,0.66,-0.02,-0.66,925000,1018160,0.576341350205793
"Wilfrid Kaptoum","NER",2022,"DM",1155,0.15,-0.03,0.01,-0.64,-0.06,-0.09,-0.66,525000,582500,0.576341350205793
"Shane O'Neill","TOR",2022,"CB",2161,-0.18,-0.04,0.62,-0.27,-0.52,-0.27,-0.66,320000,358000,0.576341350205793
"Cameron Duke","SKC",2022,"CM",1361,0.19,0.05,-0.43,-0.62,0.21,-0.06,-0.68,9e+04,93000,0.574031267727719
"Tyler Pasher","HOU",2022,"W",714,-0.38,-0.09,-0.02,-0.12,0,-0.08,-0.68,157500,165381,0.574031267727719
"Victor Wanyama","MTL",2022,"CM",2913,-0.15,-0.01,-0.35,0.15,-0.19,-0.14,-0.68,2.4e+06,3091667,0.574031267727719
"Cristian Roldan","SEA",2022,"W",2297,-0.16,0.26,-0.8,-0.32,0.45,-0.12,-0.69,860000,981542,0.57287160220048
"Déiber Caicedo","VAN",2022,"ST",1066,0.04,0.22,-0.15,-0.13,-0.43,-0.26,-0.7,3e+05,331125,0.571708831808688
"Alan Steven Franco","CLT",2022,"W",849,-0.16,0.19,-0.21,-0.01,-0.28,-0.23,-0.71,480000,538300,0.570542939881898
"Fabian Herbers","CHI",2022,"W",1209,-0.16,-0.05,0.12,-0.46,-0.15,-0.01,-0.72,260000,281250,0.569373909615046
"Aníbal Godoy","NSH",2022,"CM",1025,-0.06,-0.14,-0.13,-0.26,0.04,-0.18,-0.72,8e+05,871250,0.569373909615046
"Ismael Koné","MTL",2022,"CM",1750,-0.06,0.54,-0.17,-0.9,0.05,-0.19,-0.72,65500,68125,0.569373909615046
"Christian Makoun","NER, CLT",2022,"CB",1368,-0.09,-0.46,0.64,-0.37,-0.33,-0.12,-0.72,2e+05,2e+05,0.569373909615046
"Mathieu Choinière","MTL",2022,"FB",1524,-0.12,0.08,0.23,-1.02,-0.03,0.12,-0.73,125000,134238,0.568201724066995
"Jake Nerwinski","VAN",2022,"CB",1986,-0.05,0.14,-0.62,0.17,-0.27,-0.09,-0.73,265000,280000,0.568201724066995
"Josh Williams","CLB",2022,"CB",1581,-0.15,0.09,-0.3,0.05,-0.23,-0.19,-0.73,325000,325000,0.568201724066995
"Will Bruin","SEA",2022,"ST",982,-0.18,-0.06,-0.16,-0.5,0.24,-0.08,-0.73,260000,260000,0.568201724066995
"Jamiro Monteiro","SJE",2022,"AM",2847,-0.62,-0.11,0.02,0.98,-0.68,-0.33,-0.74,1.2e+06,1293500,0.56702636615906
"Aimé Mabika","MIA",2022,"CB",1126,-0.23,-0.25,0.42,-0.41,-0.17,-0.11,-0.74,65500,73625,0.56702636615906
"Thiago","NYC",2022,"W",1625,-0.38,-0.03,-0.41,-0.59,0.51,0.17,-0.74,180000,199600,0.56702636615906
"Amar Sejdic","ATL",2022,"CM",1403,-0.37,0.05,-0.06,0.19,-0.42,-0.12,-0.75,85444,85444,0.565847818673518
"Kosi Thompson","TOR",2022,"FB",1837,-0.39,0.09,0.25,-0.73,0.03,0.01,-0.75,65500,70760,0.565847818673518
"Harrison Afful","CLT",2022,"FB",1437,-0.35,-0.27,-0.37,0.67,-0.38,-0.06,-0.75,3e+05,332500,0.565847818673518
"Joaquín Torres","MTL",2022,"AM",1464,0.34,0.03,-0.21,-0.18,-0.51,-0.22,-0.76,230000,279800,0.564666064252089
"Facundo Quignón","FCD",2022,"DM",1435,-0.52,-0.35,0.31,-0.03,-0.11,-0.06,-0.76,786000,840627,0.564666064252089
"Ryan Sailor","MIA",2022,"CB",1705,-0.1,0.18,-0.43,-0.45,0.12,-0.09,-0.76,65500,65500,0.564666064252089
"Abu Danladi","MIN",2022,"W",717,-0.52,-0.07,-0.07,0.04,-0.06,-0.09,-0.76,135000,142125,0.564666064252089
"Jon Gallagher","ATX",2022,"FB",2378,-0.34,-0.13,0.17,-0.03,-0.31,-0.12,-0.77,155000,155000,0.563481085394411
"Jonathan Bell","NER",2022,"CB",1145,-0.17,0.09,-0.58,-0.07,0.03,-0.07,-0.77,84000,84000,0.563481085394411
"DeAndre Yedlin","MIA",2022,"FB",3299,-0.07,0.33,-0.37,-0.55,0.17,-0.28,-0.78,8e+05,848750,0.562292864456475
"Ben Sweat","SKC",2022,"FB",1665,0.1,-0.01,-0.31,-0.66,0.11,-0.02,-0.79,2e+05,2e+05,0.561101383649056
"Lucas Esteves","COL",2022,"FB",2503,0.21,-0.2,-0.07,-1,0.11,0.17,-0.79,373032,426092,0.561101383649056
"Ravel Morrison","DCU",2022,"CM",1044,0.1,-0.04,0.04,-0.31,-0.51,-0.1,-0.8,850000,917844,0.559906625036113
"Jan Gregus","SJE",2022,"DM",1842,0.11,-0.17,-0.07,-0.12,-0.52,-0.03,-0.81,6e+05,655000,0.558708570533166
"Chris Mavinga","TOR",2022,"CB",1690,0.07,0.11,-0.42,-0.01,-0.37,-0.19,-0.81,1e+06,1037500,0.558708570533166
"Benjamin Kikanovic","SJE",2022,"W",1501,-0.2,0.26,-0.02,-0.39,-0.28,-0.19,-0.81,85444,91219,0.558708570533166
"Obed Vargas","SEA",2022,"DM",924,0.14,0.07,-0.15,-0.43,-0.28,-0.16,-0.81,65500,74531,0.558708570533166
"Daniel Edelman","NYRB",2022,"CM",1130,-0.05,0.01,-0.21,-0.14,-0.29,-0.13,-0.81,84000,91582,0.558708570533166
"Tom Barlow","NYRB",2022,"ST",1255,-0.66,-0.2,-0.03,-0.19,0.4,-0.15,-0.82,175000,188151,0.557507201905658
"Kevin Cabral","LAG",2022,"W",1832,-0.83,0.37,-0.02,-0.97,0.57,0.05,-0.83,1650000,1650000,0.556302500767287
"Tony Alfaro","DCU",2022,"CB",1062,-0.07,-0.17,-0.49,0.19,-0.22,-0.08,-0.84,89513,89513,0.555094448578319
"Chris Odoi-Atsem","DCU",2022,"FB",939,-0.16,-0.28,-0.16,-0.24,0.02,-0.02,-0.84,140000,151000,0.555094448578319
"Josef Martínez","ATL",2022,"ST",1637,-0.31,-0.12,-0.07,-0.63,0.22,0.07,-0.84,3750000,4141670,0.555094448578319
"Drew Skundrich","DCU",2022,"CM",998,-0.21,-0.03,0,-0.23,-0.23,-0.14,-0.84,89513,89513,0.555094448578319
"Nanu","FCD",2022,"FB",1356,0.13,0.05,-0.15,-0.61,-0.19,-0.07,-0.85,6e+05,668750,0.553883026643874
"Kerwin Calderón Vargas","CLT",2022,"W",682,-0.18,-0.05,-0.01,-0.22,-0.36,-0.02,-0.85,350000,392167,0.553883026643874
"Jack Maher","NSH",2022,"CB",2063,-0.31,-0.1,0.09,0.06,-0.4,-0.2,-0.85,130000,164000,0.553883026643874
"Leonard Owusu","VAN",2022,"CM",961,-0.2,0.08,0.03,-0.27,-0.29,-0.2,-0.85,350000,401250,0.553883026643874
"Frankie Amaya","NYRB",2022,"CM",2169,0.06,-0.21,0.31,-0.1,-0.66,-0.26,-0.86,325000,381406,0.552668216112193
"Caden Clark","NYRB",2022,"W",577,-0.33,-0.06,-0.05,-0.25,-0.06,-0.11,-0.87,148800,331850,0.551449997972875
"Eric Remedi","SJE",2022,"DM",1556,-0.07,-0.07,0.05,-0.33,-0.32,-0.15,-0.89,450000,450000,0.549003262025788
"Obinna Nwobodo","CIN",2022,"CM",2265,0.11,-0.42,0.44,0.04,-0.6,-0.47,-0.89,9e+05,1028100,0.549003262025788
"Leonardo Chú","SEA",2022,"W",927,-0.14,-0.04,-0.2,-0.14,-0.24,-0.14,-0.9,550000,550000,0.547774705387823
"Tate Schmitt","RSL",2022,"FB",950,-0.3,-0.28,-0.01,-0.18,-0.04,-0.09,-0.9,92500,92500,0.547774705387823
"Artur","CLB",2022,"DM",1813,-0.54,0.03,0.29,-0.53,-0.32,0.17,-0.91,564000,615633,0.546542663478131
"Marcelo Silva","RSL",2022,"CB",3049,0.21,-0.28,-0.17,-0.76,-0.15,0.21,-0.94,6e+05,646667,0.54282542695918
"Aké Arnaud Loba","NSH",2022,"ST",421,-0.35,-0.03,-0.1,-0.36,0.04,-0.14,-0.95,1250000,1491480,0.541579243946581
"Quinn McNeill","CLT",2022,"CM",709,-0.18,0.03,-0.23,-0.33,-0.15,-0.1,-0.95,65500,65500,0.541579243946581
"Jeremy Ebobisse","SJE",2022,"ST",3174,-1.21,-0.02,-0.6,-0.39,1.01,0.25,-0.97,620734,766617,0.539076098792777
"Caleb Wiley","ATL",2022,"FB",1631,-0.12,-0.27,0.52,-0.83,-0.09,-0.19,-0.98,65500,67100,0.537819095073274
"Eric Miller","NSH",2022,"FB",1489,-0.19,0.08,0.08,-0.37,-0.37,-0.22,-0.99,168000,168000,0.53655844257153
"Jairo Torres","CHI",2022,"W",770,-0.26,0.03,-0.14,-0.42,-0.21,0,-0.99,849996,1219330,0.53655844257153
"Geoff Cameron","CIN",2022,"CB",2294,-0.11,-0.16,-0.29,-0.27,-0.13,-0.05,-1,387000,469000,0.53529412004277
"Ronaldo Cisneros","ATL",2022,"ST",1867,-0.44,0.04,-0.22,-1.21,0.74,0.09,-1,244000,244000,0.53529412004277
"Mender García","MIN",2022,"W",573,-0.54,-0.07,-0.08,-0.54,0.35,-0.13,-1,3e+05,322313,0.53529412004277
"Samuel Grandsir","LAG",2022,"W",1787,-0.05,0.24,-0.24,-0.92,-0.08,0.05,-1.01,9e+05,988427,0.534026106056135
"Benji Michel","ORL",2022,"W",1676,-0.73,0.38,-0.13,-0.47,0.19,-0.25,-1.01,115000,121303,0.534026106056135
"Benjamin Bender","CLT",2022,"CM",1792,-0.72,-0.12,-0.03,-0.32,0.17,0.01,-1.02,65500,83000,0.532754378992498
"Alex Roldan","SEA",2022,"FB",2851,-0.23,0.14,-0.53,-0.15,-0.11,-0.17,-1.04,2e+05,232500,0.530199698203082
"Milos Degenek","CLB",2022,"CB",2499,0.13,-0.32,-0.43,0.04,-0.37,-0.1,-1.05,715000,812000,0.528916700277655
"Nouhou Tolo","SEA",2022,"FB",2748,-0.15,-0.39,0.95,-1.49,0.04,-0.01,-1.05,3e+05,344274,0.528916700277655
"Jasper Löeffelsend","RSL",2022,"CM",1769,0.02,-0.14,0.28,-0.6,-0.43,-0.21,-1.07,84000,84000,0.526339277389844
"Thiago Martins","NYC",2022,"CB",2364,-0.03,0.17,-0.6,-0.24,-0.33,-0.07,-1.09,1.5e+06,1962000,0.523746466811564
"Anton Walkes","CLT",2022,"CB",2005,0.09,0.19,-0.43,0.07,-0.77,-0.24,-1.09,325000,353594,0.523746466811564
"Sean Nealis","NYRB",2022,"CB",3276,-0.07,0.45,-1.05,-0.87,0.3,0.13,-1.09,175000,196875,0.523746466811564
"Samuel Piette","MTL",2022,"CM",1658,-0.16,-0.35,-0.35,0.74,-0.55,-0.43,-1.1,4e+05,429750,0.52244423350632
"Judson","SJE",2022,"DM",718,-0.52,-0.04,-0.12,-0.07,-0.24,-0.12,-1.11,420000,425000,0.521138083704036
"Ruan","ORL",2022,"FB",2658,-0.08,0.03,0.22,-1.68,0.45,-0.06,-1.12,360000,360000,0.519827993775719
"Justin Rennicks","NER",2022,"ST",834,-0.52,0.23,-0.07,-0.54,-0.01,-0.21,-1.12,110000,120000,0.519827993775719
"Oriol Rosell","SKC",2022,"DM",1004,-0.33,-0.25,0.05,-0.38,-0.08,-0.15,-1.13,475000,475000,0.518513939877887
"Lucas Zelarayán","CLB",2022,"AM",2550,-0.88,0.31,-0.09,0.39,-1.01,0.12,-1.16,3.1e+06,3.7e+06,0.514547752660286
"Rubio Rubín","RSL",2022,"ST",975,0.1,-0.13,-0.17,0.05,-0.73,-0.29,-1.17,510000,582937,0.513217600067939
"Jordy Alcívar","CLT",2022,"CM",1123,0.01,-0.04,-0.09,-0.17,-0.67,-0.22,-1.18,235000,325600,0.511883360978874
"Brandt Bronico","CLT",2022,"DM",3097,-0.17,-0.39,0.51,-0.76,-0.19,-0.2,-1.19,125000,134330,0.510545010206612
"José Andrés Martínez","PHI",2022,"DM",2777,-0.52,-0.2,0.44,-0.32,-0.51,-0.08,-1.19,250000,276250,0.510545010206612
"Ercan Kara","ORL",2022,"ST",1929,-1.06,-0.13,0.09,-0.29,0.3,-0.12,-1.2,1860000,1860000,0.509202522331103
"C.J. Sapong","NSH",2022,"ST",2653,-0.45,0.35,-0.09,0.49,-1.01,-0.5,-1.22,550000,550000,0.506505032404872
"Alex Muyl","NSH",2022,"FB",2208,-0.02,-0.14,-0.83,-1.39,0.92,0.24,-1.23,325000,331562,0.505149978319906
"Jaroslaw Niezgoda","POR",2022,"ST",2156,-0.82,-0.02,-0.02,0.33,-0.25,-0.44,-1.23,807500,976758,0.505149978319906
"Andrés Perea","ORL",2022,"DM",949,-0.22,-0.32,0.17,-0.61,-0.15,-0.11,-1.24,240000,248500,0.503790683057181
"Franco Ibarra","ATL",2022,"DM",1075,-0.21,0.07,-0.26,-0.31,-0.31,-0.22,-1.24,450000,520000,0.503790683057181
"Martín Rodríguez","DCU",2022,"W",964,-0.11,-0.03,-0.03,-0.04,-0.64,-0.39,-1.25,456000,597200,0.502427119984433
"Joseph Mora","CLT",2022,"FB",1889,-0.22,0.09,-0.35,-0.18,-0.39,-0.21,-1.25,2e+05,2e+05,0.502427119984433
"Carlos Salcedo","TOR",2022,"CB",1316,0.03,0.09,-1.5,0.51,-0.28,-0.11,-1.26,2.2e+06,2351000,0.501059262217751
"Bryce Duke","MIA",2022,"AM",1642,-0.71,-0.15,0.26,-0.35,-0.06,-0.25,-1.26,122000,122000,0.501059262217751
"Felipe Hernandez","SKC",2022,"CM",1959,-0.14,0.16,-0.45,-0.62,-0.36,0.11,-1.29,85444,119153,0.496929648073215
"Tah Brian Anunga","NSH",2022,"CM",959,-0.15,-0.31,0.26,-0.65,-0.29,-0.19,-1.33,156000,176000,0.491361693834273
"Wil Trapp","MIN",2022,"DM",2288,-0.13,-0.53,-0.09,0.28,-0.63,-0.31,-1.41,784875,784875,0.480006942957151
"Cristian Espinoza","SJE",2022,"W",3054,-0.81,0.02,-0.14,-0.27,-0.27,0,-1.46,1150000,1265000,0.472756449317212
"Ayo Akinola","TOR",2022,"ST",1365,-0.62,0.28,0.11,-0.51,-0.48,-0.25,-1.47,6e+05,671875,0.471291711058939
"Jozy Altidore","NER",2022,"ST",676,-0.25,-0.04,-0.31,-0.71,-0.1,-0.08,-1.5,3706140,4264960,0.466867620354109
"Jesús Jiménez","TOR",2022,"ST",2608,-0.31,-0.07,0.02,-0.31,-0.36,-0.47,-1.5,815000,934927,0.466867620354109
"José Van Rankin","POR",2022,"FB",2087,0.04,0.07,-0.66,-0.87,-0.15,0.06,-1.51,85000,85000,0.465382851448418
"Sebastien Ibeagha","LAFC",2022,"CB",1324,-0.22,-0.22,-0.53,-0.26,-0.17,-0.14,-1.55,225000,252125,0.459392487759231
"Chris Durkin","DCU",2022,"CM",2475,-0.32,0.09,-0.59,0,-0.46,-0.28,-1.55,4e+05,445000,0.459392487759231
"Michael Estrada","DCU",2022,"ST",953,-0.24,-0.11,-0.31,0.06,-0.63,-0.33,-1.56,3e+05,425700,0.457881896733992
"Edwin Cerrillo","FCD",2022,"DM",2114,-0.04,-0.26,-0.02,-0.42,-0.56,-0.29,-1.6,130000,145000,0.45178643552429
"Owen Wolff","ATX",2022,"W",1029,-0.4,-0.06,-0.29,-0.27,-0.31,-0.28,-1.6,65500,78553,0.45178643552429
"Corey Baird","HOU",2022,"W",1466,-0.71,-0.13,-0.09,-0.11,-0.26,-0.34,-1.64,440000,471031,0.445604203273598
"Sofiane Djeffal","DCU",2022,"CM",1857,-0.06,-0.06,-0.11,-0.32,-0.84,-0.24,-1.64,65500,65500,0.445604203273598
"Jonathan Bornstein","CHI",2022,"FB",1330,-0.45,0,-0.56,-0.11,-0.33,-0.2,-1.65,3e+05,330000,0.444044795918076
"Stanislav Ivanov","CHI",2022,"W",940,-0.35,-0.1,-0.19,-0.67,-0.25,-0.12,-1.67,3e+05,359000,0.440909082065218
"Alfredo Morales","NYC",2022,"DM",2141,-0.14,0.03,-1.09,-0.24,-0.14,-0.14,-1.72,6e+05,662250,0.432969290874406
"Sebastian Lletget","NER, FCD",2022,"CM",2424,-0.62,-0.12,-0.57,-0.96,0.41,0.12,-1.74,9e+05,1023750,0.429752280002408
"Jackson Hopkins","DCU",2022,"W",1009,-0.25,-0.15,-0.59,-0.13,-0.43,-0.2,-1.76,65500,65833,0.426511261364575
"Florian Jungwirth","VAN",2022,"CB",938,-0.03,0.06,-1,-0.4,-0.27,-0.18,-1.82,550000,592667,0.416640507338281
"Sean Davis","NSH",2022,"CM",3085,-0.34,0.01,0.65,-0.83,-0.88,-0.46,-1.85,637500,637500,0.41161970596323
"Luca Petrasso","TOR",2022,"FB",1893,0.02,0.02,-0.02,-1.26,-0.48,-0.18,-1.89,65500,70012,0.404833716619938
"Kemar Lawrence","MIN",2022,"FB",2506,-0.84,0.13,-0.25,-0.63,-0.2,-0.11,-1.9,4e+05,482500,0.403120521175818
"Jake Mulraney","ORL, ATL",2022,"W",1031,-0.04,-0.1,-0.59,-0.67,-0.36,-0.13,-1.9,301600,338777,0.403120521175818
"Bryan Acosta","COL",2022,"DM",2084,-0.23,-0.43,-0.26,0,-0.59,-0.4,-1.92,650000,706667,0.399673721481038
"Luis Amarilla","MIN",2022,"ST",2536,-0.07,-0.25,-0.17,-0.85,-0.49,-0.09,-1.92,650000,785000,0.399673721481038
"Gonzalo Higuaín","MIA",2022,"ST",1930,-0.65,-0.21,-0.02,0.03,-0.98,-0.12,-1.94,5.1e+06,5793750,0.396199347095736
"Matías Vera","HOU",2022,"DM",2376,-0.15,-0.18,-1.09,0.23,-0.5,-0.28,-1.96,550000,622812,0.392696953259666
"Jayden Nelson","TOR",2022,"W",2120,-0.31,0.13,-0.07,-1.01,-0.46,-0.3,-2.01,130000,136586,0.383815365980431
"Scott Caldwell","RSL",2022,"CM",1520,-0.29,-0.25,-0.26,-0.5,-0.47,-0.33,-2.09,2e+05,205000,0.369215857410143
"Aidan Morris","CLB",2022,"DM",2008,-0.54,0.05,-0.13,-0.85,-0.49,-0.15,-2.11,170000,172000,0.3654879848909
"Marco Farfan","FCD",2022,"FB",2975,-0.34,-0.27,-0.36,-0.71,-0.31,-0.12,-2.11,225000,225000,0.3654879848909
"Diego Fagundez","ATX",2022,"W",2952,-0.85,-0.19,-0.25,-0.12,-0.37,-0.44,-2.22,450000,450000,0.344392273685111
"Carlos Ferreira","HOU",2022,"ST",2521,0.21,-0.35,-0.28,-1.05,-0.62,-0.14,-2.22,1.6e+06,1970200,0.344392273685111
"Karol Swiderski","CLT",2022,"ST",2656,-1.13,-0.04,-0.33,-0.16,-0.79,0.17,-2.28,2.2e+06,2258000,0.332438459915605
"Russell Teibert","VAN",2022,"CM",2231,-0.66,-0.05,0.03,-0.68,-0.54,-0.42,-2.31,4e+05,449375,0.326335860928751
"Tommy McNamara","NER",2022,"DM",2670,-1.18,-0.67,0.6,-0.75,-0.33,-0.18,-2.5,240000,240000,0.285557309007774
"Ethan Finlay","ATX",2022,"W",2006,-0.31,-0.73,-0.62,-0.29,-0.19,-0.4,-2.54,350000,350000,0.276461804173244
"Maximiliano Urruti","ATX",2022,"ST",2363,-1.53,-0.3,0.93,0.05,-1.57,-0.15,-2.57,625000,661250,0.269512944217916
"Leon Flach","PHI",2022,"CM",3012,-0.29,-0.1,0.55,-1.09,-1.13,-0.64,-2.69,250000,263750,0.2405492482826
"Khiry Shelton","SKC",2022,"ST",1544,-0.73,-0.12,0.02,-0.1,-1.23,-0.67,-2.83,350000,350000,0.204119982655925
"Dario Zuparic","POR",2022,"CB",2455,-0.03,0.15,-1.72,-0.31,-0.6,-0.33,-2.85,375000,579200,0.198657086954423
"Miguel Berry","DCU, CLB",2022,"ST",1822,-1.33,-0.13,-0.4,-0.09,-0.69,-0.46,-3.1,120000,120000,0.123851640967086
"Remi Walter","SKC",2022,"DM",3246,-0.56,0.06,-0.53,-1.26,-0.73,-0.4,-3.42,8e+05,8e+05,0.00432137378264248
